sale_id,sale_date,product_id,customer_id,store_id,employee_id,quantity,unit_price,discount_ngn,total_amount,payment_method,prescription_required
1,2024-06-10,49,449,3,1,1,4411.93,0.0,4411.93,Cash,0
2,2024-05-25,80,152,5,25,2,1891.71,0.0,3783.42,Mobile Money,0
3,2024-03-18,55,382,3,1,1,2023.04,0.0,2023.04,Card,0
4,2024-04-25,21,203,4,5,1,1066.77,0.0,1066.77,Cash,0
5,2024-11-21,67,269,4,17,1,1147.36,0.0,1147.36,Cash,0
6,2024-11-10,43,120,1,2,1,2828.62,0.0,2828.62,Mobile Money,0
7,2024-03-18,58,423,2,4,1,4635.52,0.0,4635.52,Cash,0
8,2024-10-31,40,404,4,9,1,2857.1,0.0,2857.1,Cash,0
9,2024-02-27,90,332,3,1,1,8036.88,0.0,8036.88,Cash,0
10,2024-02-12,51,68,1,29,1,445.08,0.0,445.08,Card,1
11,2024-01-08,99,67,2,18,1,6177.57,0.0,6177.57,Cash,1
12,2024-07-31,78,81,4,17,1,8093.82,0.0,8093.82,Mobile Money,0
13,2024-02-06,69,231,2,28,1,4260.54,0.0,4260.54,Card,0
14,2024-11-06,100,398,2,4,1,7550.07,0.0,7550.07,Cash,0
15,2024-01-10,36,100,2,30,1,6538.18,0.0,6538.18,Cash,1
16,2024-02-17,36,268,4,8,1,5693.57,0.0,5693.57,Card,1
17,2024-04-29,75,274,2,23,1,661.62,0.0,661.62,Cash,0
18,2024-09-19,93,396,5,7,1,2078.11,0.0,2078.11,Cash,0
19,2024-09-20,6,40,4,17,1,334.87,0.0,334.87,Mobile Money,0
20,2024-09-11,88,218,4,17,1,4913.62,245.68,4667.94,Card,0
21,2024-09-24,82,468,3,1,1,5420.7,542.07,4878.63,Mobile Money,0
22,2024-04-18,73,376,1,11,1,2467.23,0.0,2467.23,Cash,0
23,2024-04-12,12,202,2,30,1,2710.44,0.0,2710.44,Mobile Money,1
24,2024-12-19,53,162,5,7,1,7338.02,0.0,7338.02,Cash,1
25,2024-12-19,45,449,1,29,1,7830.88,0.0,7830.88,Card,1
26,2024-06-25,5,348,1,21,1,5110.13,0.0,5110.13,Card,0
27,2024-04-04,93,201,3,15,3,2150.66,0.0,6451.98,Card,0
28,2024-09-04,92,327,4,17,1,6948.85,0.0,6948.85,Mobile Money,0
29,2024-04-07,1,194,1,11,1,2985.35,0.0,2985.35,Mobile Money,0
30,2024-02-02,28,113,2,12,1,4600.19,0.0,4600.19,Cash,0
31,2024-05-16,57,260,3,22,1,7748.5,0.0,7748.5,Card,0
32,2024-03-26,21,310,1,2,1,1193.12,0.0,1193.12,Mobile Money,0
33,2024-09-17,13,352,2,24,1,3391.47,0.0,3391.47,Cash,0
34,2024-01-15,56,87,4,19,1,2631.61,0.0,2631.61,Mobile Money,0
35,2024-05-23,6,33,1,2,1,349.57,34.96,314.61,Cash,0
36,2024-12-11,93,354,1,11,1,2092.52,104.63,1987.89,Mobile Money,0
37,2024-07-04,85,245,4,13,1,496.54,24.83,471.71,Mobile Money,0
38,2024-03-03,87,323,2,28,1,4328.11,216.41,4111.7,Mobile Money,0
39,2024-11-16,32,234,1,29,1,7108.66,0.0,7108.66,Card,0
40,2024-04-10,28,137,5,6,1,4561.33,0.0,4561.33,Card,0
41,2024-08-17,1,332,1,29,1,3258.61,0.0,3258.61,Mobile Money,0
42,2024-08-18,18,90,5,6,1,8425.95,0.0,8425.95,Cash,1
43,2024-12-06,52,284,3,15,1,2577.51,0.0,2577.51,Cash,0
44,2024-08-23,43,434,5,25,2,2434.28,121.71,4746.84,Card,0
45,2024-06-16,20,276,1,11,1,4994.24,499.42,4494.82,Card,0
46,2024-05-11,38,274,5,25,1,5674.09,0.0,5674.09,Card,0
47,2024-11-20,61,222,2,4,1,7076.29,0.0,7076.29,Mobile Money,0
48,2024-06-10,76,124,2,20,1,7320.97,0.0,7320.97,Cash,0
49,2024-05-24,65,328,3,15,1,275.88,0.0,275.88,Card,0
50,2024-05-18,40,270,2,18,1,2697.59,0.0,2697.59,Mobile Money,0
51,2024-12-07,45,167,2,4,1,6985.09,0.0,6985.09,Card,1
52,2024-09-07,45,402,4,10,1,6997.79,0.0,6997.79,Cash,1
53,2024-08-27,65,472,3,22,1,256.4,25.64,230.76,Cash,0
54,2024-03-20,97,70,2,27,2,6525.45,0.0,13050.9,Card,0
55,2024-05-30,30,352,1,29,1,597.29,29.86,567.43,Mobile Money,1
56,2024-12-25,9,450,2,12,1,2549.47,0.0,2549.47,Cash,1
57,2024-06-17,91,331,2,23,1,2685.04,0.0,2685.04,Cash,0
58,2024-03-07,36,315,2,18,1,5805.83,580.58,5225.25,Cash,1
59,2024-10-05,11,362,5,26,1,5121.11,0.0,5121.11,Card,0
60,2024-01-31,37,97,2,30,1,225.36,0.0,225.36,Mobile Money,0
61,2024-12-17,61,333,2,23,1,6718.57,0.0,6718.57,Mobile Money,0
62,2024-02-02,95,289,5,25,1,4164.43,0.0,4164.43,Mobile Money,0
63,2024-02-27,81,308,1,11,1,3089.36,0.0,3089.36,Mobile Money,0
64,2024-06-26,62,441,4,17,1,2420.38,0.0,2420.38,Mobile Money,0
65,2024-04-30,12,431,4,13,1,2643.32,0.0,2643.32,Card,1
66,2024-02-26,95,464,4,10,1,4718.19,0.0,4718.19,Card,0
67,2024-08-13,76,5,3,16,1,6800.25,0.0,6800.25,Mobile Money,0
68,2024-08-12,77,318,1,11,1,1304.83,0.0,1304.83,Mobile Money,0
69,2024-07-21,56,400,4,8,1,2518.91,0.0,2518.91,Card,0
70,2024-06-23,34,111,5,7,1,1353.26,67.66,1285.6,Card,0
71,2024-04-13,65,53,4,19,1,263.44,0.0,263.44,Mobile Money,0
72,2024-10-10,22,325,2,3,1,509.21,25.46,483.75,Mobile Money,0
73,2024-11-30,45,191,5,7,1,7120.07,0.0,7120.07,Card,1
74,2024-07-07,2,166,2,27,1,5882.2,0.0,5882.2,Cash,0
75,2024-06-24,97,13,1,11,1,7416.2,0.0,7416.2,Mobile Money,0
76,2024-02-03,13,194,1,29,1,3456.87,0.0,3456.87,Cash,0
77,2024-06-06,94,404,1,2,1,6007.49,0.0,6007.49,Mobile Money,1
78,2024-05-26,32,263,1,29,1,6124.14,0.0,6124.14,Mobile Money,0
79,2024-08-10,96,112,2,18,1,1008.5,0.0,1008.5,Mobile Money,0
80,2024-05-23,19,403,2,3,2,2383.6,119.18,4648.03,Mobile Money,0
81,2024-02-16,32,380,1,21,1,7027.92,0.0,7027.92,Cash,0
82,2024-08-21,23,383,3,16,1,2328.08,0.0,2328.08,Card,0
83,2024-10-20,46,187,4,10,2,1057.86,0.0,2115.73,Card,0
84,2024-03-26,96,390,1,11,1,901.49,0.0,901.49,Cash,0
85,2024-09-22,90,212,2,3,1,7869.8,0.0,7869.8,Card,0
86,2024-02-03,53,277,3,15,1,7800.47,0.0,7800.47,Card,1
87,2024-05-30,9,37,1,11,3,2822.19,0.0,8466.58,Card,1
88,2024-09-26,19,454,1,11,1,2355.33,0.0,2355.33,Card,0
89,2024-02-01,90,449,4,8,1,8108.65,0.0,8108.65,Card,0
90,2024-10-13,83,151,2,4,1,955.6,0.0,955.6,Mobile Money,1
91,2024-01-13,4,427,1,21,1,620.75,0.0,620.75,Cash,1
92,2024-07-31,94,230,5,25,1,6814.16,340.71,6473.45,Card,1
93,2024-09-15,46,9,2,20,1,1126.13,0.0,1126.13,Card,0
94,2024-12-18,76,231,5,25,1,7773.18,0.0,7773.18,Card,0
95,2024-01-23,74,177,5,26,1,5434.73,0.0,5434.73,Mobile Money,0
96,2024-10-02,72,153,2,12,1,4411.87,0.0,4411.87,Card,0
97,2024-02-16,69,312,5,7,1,4244.57,0.0,4244.57,Card,0
98,2024-01-08,18,182,4,9,1,7823.28,0.0,7823.28,Cash,1
99,2024-09-26,10,150,5,6,1,3454.48,0.0,3454.48,Mobile Money,0
100,2024-10-12,47,63,2,30,1,6674.33,0.0,6674.33,Card,0
101,2024-03-21,74,204,2,27,1,4910.8,245.54,4665.26,Cash,0
102,2024-06-17,12,214,4,13,1,2440.12,122.01,2318.11,Cash,1
103,2024-05-15,67,60,5,26,1,1174.72,0.0,1174.72,Cash,0
104,2024-06-06,16,65,2,24,1,4744.14,0.0,4744.14,Cash,1
105,2024-11-25,16,479,5,6,1,4808.91,240.45,4568.46,Card,1
106,2024-10-28,22,264,3,15,1,506.0,0.0,506.0,Cash,0
107,2024-12-09,19,438,2,18,1,2613.25,0.0,2613.25,Mobile Money,0
108,2024-02-05,23,58,5,7,1,2304.53,0.0,2304.53,Mobile Money,0
109,2024-12-06,87,486,5,26,1,4591.04,0.0,4591.04,Card,0
110,2024-05-23,77,214,5,6,1,1299.55,0.0,1299.55,Cash,0
111,2024-02-25,87,482,4,8,1,4525.39,0.0,4525.39,Mobile Money,0
112,2024-04-03,47,442,1,2,2,5569.55,0.0,11139.1,Cash,0
113,2024-08-05,13,115,5,26,1,3573.93,0.0,3573.93,Mobile Money,0
114,2024-07-25,11,246,2,27,1,5239.22,0.0,5239.22,Mobile Money,0
115,2024-04-06,57,295,5,6,1,7520.36,0.0,7520.36,Mobile Money,0
116,2024-04-24,87,73,1,11,1,4415.74,0.0,4415.74,Card,0
117,2024-03-17,29,377,4,8,1,877.24,0.0,877.24,Mobile Money,0
118,2024-05-07,39,459,1,29,1,5795.79,0.0,5795.79,Cash,0
119,2024-01-23,60,92,1,11,1,7174.48,0.0,7174.48,Card,1
120,2024-08-25,99,188,5,6,1,5604.8,0.0,5604.8,Card,1
121,2024-06-13,83,499,2,27,1,927.07,0.0,927.07,Mobile Money,1
122,2024-07-15,38,196,2,4,3,5653.36,0.0,16960.08,Card,0
123,2024-11-02,99,487,1,11,1,6225.36,0.0,6225.36,Mobile Money,1
124,2024-06-20,91,429,3,15,1,2948.84,0.0,2948.84,Cash,0
125,2024-06-18,33,193,3,16,1,2513.25,0.0,2513.25,Card,1
126,2024-05-10,21,373,4,9,1,1085.68,0.0,1085.68,Mobile Money,0
127,2024-01-09,68,389,4,13,1,7199.8,0.0,7199.8,Card,0
128,2024-04-19,22,428,4,19,1,463.82,0.0,463.82,Card,0
129,2024-03-03,98,435,4,17,1,2651.95,0.0,2651.95,Cash,0
130,2024-09-20,89,450,2,3,1,5448.43,0.0,5448.43,Mobile Money,0
131,2024-09-15,9,326,1,29,1,2333.86,0.0,2333.86,Mobile Money,1
132,2024-01-28,36,212,4,19,1,5838.8,0.0,5838.8,Cash,1
133,2024-01-20,57,424,4,13,1,7613.82,0.0,7613.82,Cash,0
134,2024-06-07,97,117,2,3,1,7168.67,0.0,7168.67,Mobile Money,0
135,2024-04-11,98,16,3,22,1,3076.12,0.0,3076.12,Card,0
136,2024-07-11,12,349,4,8,3,2381.55,0.0,7144.65,Cash,1
137,2024-04-26,22,361,2,24,1,435.32,0.0,435.32,Cash,0
138,2024-01-07,26,395,4,19,1,7249.66,0.0,7249.66,Card,0
139,2024-11-11,37,348,5,7,1,220.4,0.0,220.4,Mobile Money,0
140,2024-07-04,72,33,2,12,3,4085.16,0.0,12255.48,Card,0
141,2024-12-17,7,324,3,15,1,7348.03,0.0,7348.03,Cash,0
142,2024-05-06,14,62,4,13,2,1636.45,0.0,3272.89,Card,0
143,2024-01-25,72,246,1,29,3,4236.49,0.0,12709.48,Mobile Money,0
144,2024-08-21,48,265,4,8,1,6447.73,322.39,6125.34,Cash,0
145,2024-12-23,82,35,4,13,1,5425.3,0.0,5425.3,Card,0
146,2024-08-14,77,299,2,30,1,1212.24,0.0,1212.24,Mobile Money,0
147,2024-04-29,63,225,3,14,1,2102.65,0.0,2102.65,Mobile Money,0
148,2024-10-05,34,152,4,13,1,1386.66,69.33,1317.33,Mobile Money,0
149,2024-05-09,20,306,4,10,1,5084.03,0.0,5084.03,Mobile Money,0
150,2024-04-13,59,357,5,6,2,6320.58,0.0,12641.17,Mobile Money,0
151,2024-01-24,88,316,2,27,1,5319.26,0.0,5319.26,Mobile Money,0
152,2024-02-28,90,237,2,3,1,7725.34,0.0,7725.34,Cash,0
153,2024-10-29,7,461,3,14,1,6844.19,0.0,6844.19,Mobile Money,0
154,2024-12-06,13,84,4,5,3,4047.31,0.0,12141.92,Mobile Money,0
155,2024-02-18,73,406,1,11,1,2577.82,0.0,2577.82,Mobile Money,0
156,2024-03-17,32,473,2,4,2,7011.14,0.0,14022.28,Card,0
157,2024-03-05,71,434,5,6,2,7799.38,0.0,15598.76,Cash,0
158,2024-11-06,90,407,3,15,1,6898.89,0.0,6898.89,Cash,0
159,2024-09-13,15,79,5,7,1,4909.57,0.0,4909.57,Card,0
160,2024-09-09,59,72,1,29,1,6941.4,0.0,6941.4,Mobile Money,0
161,2024-10-04,99,351,2,24,1,5615.76,0.0,5615.76,Card,1
162,2024-04-01,97,156,4,17,1,7328.36,0.0,7328.36,Card,0
163,2024-08-24,50,77,4,17,1,405.12,0.0,405.12,Card,0
164,2024-05-10,25,430,4,9,1,4763.71,0.0,4763.71,Cash,0
165,2024-01-03,97,38,4,17,2,6617.97,0.0,13235.94,Cash,0
166,2024-12-16,74,64,2,30,1,4489.58,0.0,4489.58,Cash,0
167,2024-04-22,64,153,1,29,1,6863.61,0.0,6863.61,Mobile Money,0
168,2024-03-15,82,306,2,4,1,5224.56,0.0,5224.56,Mobile Money,0
169,2024-01-09,6,289,3,16,1,328.75,16.44,312.31,Card,0
170,2024-12-02,44,208,1,2,1,5737.97,0.0,5737.97,Cash,0
171,2024-06-29,3,179,5,26,1,1390.56,69.53,1321.03,Cash,1
172,2024-10-26,91,209,4,17,1,2676.43,0.0,2676.43,Mobile Money,0
173,2024-05-09,3,393,5,6,1,1409.23,0.0,1409.23,Mobile Money,1
174,2024-11-01,27,355,2,20,2,6829.05,0.0,13658.1,Cash,0
175,2024-02-20,3,388,3,22,1,1506.17,0.0,1506.17,Cash,1
176,2024-01-05,74,257,2,28,1,4989.63,249.48,4740.15,Mobile Money,0
177,2024-05-19,65,417,3,14,1,279.07,0.0,279.07,Mobile Money,0
178,2024-11-25,9,284,2,3,1,2822.6,0.0,2822.6,Cash,1
179,2024-07-02,55,344,3,14,1,2054.67,0.0,2054.67,Card,0
180,2024-02-17,44,153,1,29,1,5576.17,0.0,5576.17,Card,0
181,2024-11-28,100,270,2,20,1,7550.16,0.0,7550.16,Card,0
182,2024-09-16,51,370,2,12,1,443.65,0.0,443.65,Card,1
183,2024-03-13,98,274,4,5,1,2667.29,0.0,2667.29,Cash,0
184,2024-12-13,14,492,1,29,3,1717.13,85.86,5065.54,Card,0
185,2024-01-09,30,160,4,17,1,573.66,0.0,573.66,Card,1
186,2024-12-28,4,142,5,25,1,648.35,0.0,648.35,Mobile Money,1
187,2024-05-22,31,128,3,14,1,3201.33,0.0,3201.33,Card,0
188,2024-08-21,48,250,3,22,1,5727.4,0.0,5727.4,Mobile Money,0
189,2024-12-06,38,368,3,15,1,5798.78,0.0,5798.78,Mobile Money,0
190,2024-03-13,27,385,2,23,1,7558.29,755.83,6802.46,Cash,0
191,2024-10-27,89,474,2,4,2,5063.09,0.0,10126.19,Cash,0
192,2024-03-12,35,68,1,11,1,710.85,0.0,710.85,Cash,0
193,2024-01-03,68,386,1,11,1,7918.19,0.0,7918.19,Cash,0
194,2024-03-28,50,181,2,30,1,438.02,0.0,438.02,Mobile Money,0
195,2024-05-24,11,61,5,26,1,5264.06,0.0,5264.06,Cash,0
196,2024-03-26,65,434,1,11,1,231.34,0.0,231.34,Mobile Money,0
197,2024-08-31,27,224,5,25,1,7597.88,0.0,7597.88,Cash,0
198,2024-10-21,58,97,4,19,1,5366.25,0.0,5366.25,Card,0
199,2024-11-04,17,469,2,23,1,675.43,33.77,641.66,Card,0
200,2024-09-21,6,313,4,17,1,370.64,0.0,370.64,Mobile Money,0
201,2024-08-03,91,135,2,18,3,3060.28,0.0,9180.83,Card,0
202,2024-08-27,98,385,1,2,1,2680.2,0.0,2680.2,Card,0
203,2024-10-02,32,290,5,25,1,6825.1,0.0,6825.1,Mobile Money,0
204,2024-11-22,12,281,1,21,1,2430.95,0.0,2430.95,Card,1
205,2024-07-02,12,31,1,29,1,2284.69,0.0,2284.69,Card,1
206,2024-04-08,75,478,1,21,1,587.94,29.4,558.54,Card,0
207,2024-05-11,13,245,5,26,1,3931.86,0.0,3931.86,Cash,0
208,2024-12-13,81,187,3,14,1,3127.69,0.0,3127.69,Mobile Money,0
209,2024-02-24,68,54,3,1,1,6915.54,0.0,6915.54,Cash,0
210,2024-03-05,2,420,1,2,1,6366.79,0.0,6366.79,Card,0
211,2024-06-10,51,282,5,6,1,477.26,0.0,477.26,Card,1
212,2024-06-15,85,232,3,1,2,558.57,0.0,1117.14,Cash,0
213,2024-11-10,97,218,1,29,1,6998.55,0.0,6998.55,Card,0
214,2024-08-04,43,410,5,7,1,2552.58,0.0,2552.58,Mobile Money,0
215,2024-06-01,32,189,2,3,1,7100.57,355.03,6745.54,Mobile Money,0
216,2024-01-17,11,37,2,27,1,4548.36,0.0,4548.36,Mobile Money,0
217,2024-05-25,77,112,5,26,1,1284.17,64.21,1219.96,Card,0
218,2024-10-29,45,303,5,25,1,7190.82,0.0,7190.82,Mobile Money,1
219,2024-05-08,38,290,4,19,1,5752.73,0.0,5752.73,Mobile Money,0
220,2024-01-03,72,498,4,13,1,4133.21,0.0,4133.21,Card,0
221,2024-09-14,19,159,5,6,2,2447.45,0.0,4894.9,Cash,0
222,2024-11-28,91,396,3,16,1,3019.31,0.0,3019.31,Cash,0
223,2024-03-10,40,288,2,12,1,3077.31,0.0,3077.31,Card,0
224,2024-03-16,58,152,4,13,1,4877.09,0.0,4877.09,Mobile Money,0
225,2024-08-20,72,484,2,3,1,4175.64,0.0,4175.64,Cash,0
226,2024-02-25,37,193,2,28,1,255.72,0.0,255.72,Cash,0
227,2024-10-24,32,16,2,30,1,6262.3,0.0,6262.3,Cash,0
228,2024-03-20,70,418,3,1,1,2994.23,0.0,2994.23,Card,0
229,2024-05-24,68,164,4,8,1,7244.28,0.0,7244.28,Cash,0
230,2024-08-25,30,104,1,21,1,522.88,0.0,522.88,Cash,1
231,2024-03-10,58,345,4,5,1,5398.67,0.0,5398.67,Card,0
232,2024-07-14,95,136,3,16,1,3991.11,0.0,3991.11,Card,0
233,2024-03-19,28,180,5,26,1,5040.43,0.0,5040.43,Card,0
234,2024-08-02,68,83,3,14,2,7443.86,372.19,14515.52,Cash,0
235,2024-04-02,10,392,3,16,1,3841.7,0.0,3841.7,Cash,0
236,2024-04-06,56,80,3,22,1,2228.47,0.0,2228.47,Card,0
237,2024-05-04,14,145,5,7,1,1603.65,80.18,1523.47,Mobile Money,0
238,2024-10-07,39,271,4,13,1,6073.88,0.0,6073.88,Card,0
239,2024-12-18,56,358,2,20,1,2332.43,0.0,2332.43,Cash,0
240,2024-09-14,23,106,1,11,1,2179.93,0.0,2179.93,Cash,0
241,2024-03-09,36,415,3,22,1,6428.4,0.0,6428.4,Card,1
242,2024-09-25,80,470,4,17,1,2009.15,0.0,2009.15,Mobile Money,0
243,2024-04-24,48,29,3,14,3,6236.91,311.85,18398.88,Mobile Money,0
244,2024-04-02,97,18,1,11,1,7024.5,0.0,7024.5,Cash,0
245,2024-06-22,36,42,4,8,1,6325.43,316.27,6009.16,Mobile Money,1
246,2024-08-28,4,454,2,24,1,708.43,0.0,708.43,Mobile Money,1
247,2024-03-29,71,94,1,21,1,7048.38,0.0,7048.38,Mobile Money,0
248,2024-02-21,66,44,5,7,1,3212.04,0.0,3212.04,Card,0
249,2024-11-27,82,298,1,11,1,5625.55,0.0,5625.55,Cash,0
250,2024-03-03,4,461,1,21,1,676.24,0.0,676.24,Card,1
251,2024-11-16,69,189,2,12,1,4532.62,0.0,4532.62,Mobile Money,0
252,2024-04-12,45,90,2,30,1,7302.15,0.0,7302.15,Cash,1
253,2024-02-03,7,61,3,22,1,6720.05,0.0,6720.05,Card,0
254,2024-08-13,47,65,4,13,1,6698.34,0.0,6698.34,Cash,0
255,2024-07-15,11,361,3,22,1,5235.78,261.79,4973.99,Card,0
256,2024-02-12,67,243,2,20,1,1189.86,0.0,1189.86,Cash,0
257,2024-05-04,91,447,5,7,1,2811.67,0.0,2811.67,Card,0
258,2024-04-13,59,277,4,10,1,7086.23,0.0,7086.23,Mobile Money,0
259,2024-06-19,62,370,1,21,1,2631.46,0.0,2631.46,Card,0
260,2024-07-24,92,89,1,2,3,6693.66,0.0,20080.98,Mobile Money,0
261,2024-10-15,56,157,3,16,1,2641.19,0.0,2641.19,Card,0
262,2024-07-23,97,135,4,17,3,6708.24,0.0,20124.71,Mobile Money,0
263,2024-04-07,9,10,5,25,1,2616.04,0.0,2616.04,Mobile Money,1
264,2024-11-22,64,195,3,14,1,7143.53,0.0,7143.53,Card,0
265,2024-01-10,34,150,4,5,1,1252.98,0.0,1252.98,Card,0
266,2024-03-07,82,46,1,2,1,5098.03,0.0,5098.03,Cash,0
267,2024-07-02,61,282,1,21,1,6479.03,0.0,6479.03,Card,0
268,2024-10-01,68,349,3,16,1,8303.0,0.0,8303.0,Cash,0
269,2024-06-01,41,309,1,11,1,6781.95,0.0,6781.95,Card,0
270,2024-09-12,53,320,1,2,1,7770.78,0.0,7770.78,Cash,1
271,2024-09-24,20,410,4,13,1,5518.34,0.0,5518.34,Mobile Money,0
272,2024-12-08,23,483,4,5,1,2024.58,202.46,1822.12,Card,0
273,2024-01-14,43,341,3,16,1,2857.46,0.0,2857.46,Mobile Money,0
274,2024-12-14,31,259,2,24,1,2950.73,0.0,2950.73,Card,0
275,2024-02-06,6,211,5,6,1,351.71,0.0,351.71,Cash,0
276,2024-07-06,15,4,4,17,1,4901.22,0.0,4901.22,Card,0
277,2024-08-15,92,280,4,10,1,6720.58,0.0,6720.58,Cash,0
278,2024-02-27,70,383,5,25,1,2764.77,0.0,2764.77,Cash,0
279,2024-06-18,66,430,3,14,2,3487.25,0.0,6974.51,Card,0
280,2024-02-24,90,129,1,11,3,8072.09,403.6,23812.68,Mobile Money,0
281,2024-06-29,28,34,4,9,1,5038.17,0.0,5038.17,Card,0
282,2024-06-12,40,464,2,3,1,2733.91,0.0,2733.91,Mobile Money,0
283,2024-07-16,26,234,1,21,2,8034.96,0.0,16069.91,Cash,0
284,2024-10-19,19,160,1,11,1,2454.86,0.0,2454.86,Card,0
285,2024-09-16,33,295,4,10,1,2277.53,0.0,2277.53,Card,1
286,2024-11-10,79,39,1,21,1,5943.04,0.0,5943.04,Mobile Money,0
287,2024-01-24,39,135,4,8,1,5658.51,0.0,5658.51,Card,0
288,2024-11-27,49,376,1,29,1,3982.32,0.0,3982.32,Cash,0
289,2024-10-13,46,1,1,29,1,1208.0,0.0,1208.0,Card,0
290,2024-09-02,96,172,3,16,1,902.46,0.0,902.46,Cash,0
291,2024-01-10,29,49,2,24,1,892.3,0.0,892.3,Cash,0
292,2024-12-08,47,312,3,1,1,5822.71,0.0,5822.71,Mobile Money,0
293,2024-09-13,55,440,2,20,1,1950.98,0.0,1950.98,Mobile Money,0
294,2024-06-17,7,7,3,15,1,7074.12,0.0,7074.12,Cash,0
295,2024-11-04,4,131,4,5,1,681.75,0.0,681.75,Mobile Money,1
296,2024-05-06,11,207,1,21,1,4756.71,0.0,4756.71,Mobile Money,0
297,2024-03-23,51,390,2,12,1,478.44,0.0,478.44,Cash,1
298,2024-10-04,51,277,4,5,1,430.91,0.0,430.91,Card,1
299,2024-03-05,89,39,1,11,1,5857.09,0.0,5857.09,Card,0
300,2024-01-14,44,465,5,26,1,6159.81,0.0,6159.81,Mobile Money,0
301,2024-12-18,36,27,5,7,1,5947.26,0.0,5947.26,Mobile Money,1
302,2024-02-05,43,225,1,29,1,2650.05,0.0,2650.05,Cash,0
303,2024-12-13,13,327,4,17,1,3833.8,0.0,3833.8,Cash,0
304,2024-03-05,35,34,4,5,1,740.18,0.0,740.18,Cash,0
305,2024-12-18,66,239,2,30,3,3286.04,0.0,9858.11,Cash,0
306,2024-08-19,44,273,1,11,1,6217.45,0.0,6217.45,Card,0
307,2024-06-26,56,209,3,15,1,2240.57,0.0,2240.57,Cash,0
308,2024-04-09,59,33,2,12,1,6435.15,321.76,6113.39,Cash,0
309,2024-08-05,31,353,2,20,1,3437.4,0.0,3437.4,Mobile Money,0
310,2024-05-16,94,140,3,16,1,6805.43,0.0,6805.43,Cash,1
311,2024-06-01,46,278,2,20,1,1147.68,0.0,1147.68,Mobile Money,0
312,2024-01-05,43,214,4,19,1,2567.24,256.72,2310.52,Cash,0
313,2024-06-19,31,29,4,5,1,3426.66,0.0,3426.66,Cash,0
314,2024-12-10,2,11,3,1,1,6294.28,0.0,6294.28,Mobile Money,0
315,2024-09-01,16,50,4,19,1,5312.45,265.62,5046.83,Card,1
316,2024-06-19,97,363,5,25,1,7019.49,0.0,7019.49,Card,0
317,2024-07-04,39,241,2,3,1,6539.79,0.0,6539.79,Mobile Money,0
318,2024-09-11,47,249,5,26,1,5712.23,0.0,5712.23,Mobile Money,0
319,2024-10-02,1,93,1,29,1,3205.07,0.0,3205.07,Card,0
320,2024-06-22,68,269,3,22,1,7811.42,781.14,7030.28,Mobile Money,0
321,2024-12-21,40,167,2,4,1,3031.98,0.0,3031.98,Mobile Money,0
322,2024-02-17,39,439,2,4,1,6379.49,318.97,6060.52,Mobile Money,0
323,2024-10-01,47,466,1,11,1,6216.49,0.0,6216.49,Mobile Money,0
324,2024-09-09,45,159,3,1,1,7544.97,0.0,7544.97,Mobile Money,1
325,2024-12-07,9,50,3,16,1,2750.03,0.0,2750.03,Card,1
326,2024-05-01,45,148,3,14,1,7419.61,0.0,7419.61,Mobile Money,1
327,2024-01-23,88,53,2,12,1,5449.8,0.0,5449.8,Card,0
328,2024-03-25,98,316,2,27,1,3098.75,0.0,3098.75,Cash,0
329,2024-07-31,26,299,2,3,1,7441.17,0.0,7441.17,Card,0
330,2024-07-18,58,391,4,13,1,5411.17,0.0,5411.17,Cash,0
331,2024-07-04,9,97,3,15,1,2702.08,0.0,2702.08,Card,1
332,2024-08-30,49,95,3,15,1,4386.26,0.0,4386.26,Card,0
333,2024-05-20,39,215,4,13,1,6259.83,0.0,6259.83,Mobile Money,0
334,2024-09-26,54,265,3,16,1,3600.61,180.03,3420.58,Card,1
335,2024-09-28,90,374,4,17,1,8228.9,0.0,8228.9,Card,0
336,2024-04-07,1,239,5,7,1,3102.23,0.0,3102.23,Mobile Money,0
337,2024-06-21,10,97,1,11,1,3612.86,0.0,3612.86,Cash,0
338,2024-10-04,54,428,1,29,1,3309.34,0.0,3309.34,Card,1
339,2024-06-26,90,463,4,10,1,6910.93,0.0,6910.93,Mobile Money,0
340,2024-06-02,5,325,2,3,1,5107.3,255.36,4851.94,Cash,0
341,2024-06-12,94,67,1,21,1,6323.23,0.0,6323.23,Card,1
342,2024-07-22,63,127,3,16,1,2135.61,0.0,2135.61,Card,0
343,2024-02-21,28,455,1,21,1,4651.97,0.0,4651.97,Card,0
344,2024-07-31,7,174,1,11,1,6399.03,0.0,6399.03,Cash,0
345,2024-09-27,46,36,4,5,1,1174.48,0.0,1174.48,Cash,0
346,2024-09-28,39,147,3,16,1,6317.31,0.0,6317.31,Card,0
347,2024-04-26,36,312,4,8,1,6349.63,0.0,6349.63,Card,1
348,2024-05-20,36,236,5,25,1,6173.24,0.0,6173.24,Cash,1
349,2024-08-11,52,498,2,28,3,2436.84,0.0,7310.53,Mobile Money,0
350,2024-02-06,67,221,5,26,1,1142.35,0.0,1142.35,Cash,0
351,2024-06-19,21,47,4,9,1,1210.17,0.0,1210.17,Mobile Money,0
352,2024-04-16,52,325,2,18,1,2475.81,0.0,2475.81,Mobile Money,0
353,2024-05-04,58,452,1,29,1,5602.6,0.0,5602.6,Mobile Money,0
354,2024-08-28,51,442,3,15,1,455.77,0.0,455.77,Card,1
355,2024-10-06,22,351,2,24,1,434.55,0.0,434.55,Card,0
356,2024-11-14,39,132,2,23,1,6619.38,0.0,6619.38,Mobile Money,0
357,2024-08-15,53,67,3,14,3,7697.11,0.0,23091.34,Mobile Money,1
358,2024-06-09,95,344,4,8,1,4191.57,0.0,4191.57,Mobile Money,0
359,2024-05-25,89,301,5,6,1,6019.89,601.99,5417.9,Cash,0
360,2024-02-10,54,182,1,29,1,3411.45,0.0,3411.45,Card,1
361,2024-09-08,53,169,4,19,1,7260.49,0.0,7260.49,Mobile Money,1
362,2024-03-15,61,67,4,13,1,6097.55,0.0,6097.55,Mobile Money,0
363,2024-11-02,80,67,2,18,1,2044.56,0.0,2044.56,Cash,0
364,2024-03-02,45,262,1,2,1,7001.69,0.0,7001.69,Card,1
365,2024-07-08,15,34,5,6,1,4952.85,0.0,4952.85,Mobile Money,0
366,2024-07-16,63,471,5,26,1,1921.96,0.0,1921.96,Card,0
367,2024-02-12,98,455,5,7,1,3126.69,0.0,3126.69,Mobile Money,0
368,2024-08-20,75,133,2,12,1,625.13,0.0,625.13,Cash,0
369,2024-11-13,59,117,2,24,1,7077.48,0.0,7077.48,Cash,0
370,2024-11-01,47,135,3,22,1,6079.25,0.0,6079.25,Card,0
371,2024-09-20,86,225,1,2,1,5016.01,0.0,5016.01,Cash,0
372,2024-01-14,92,300,5,7,1,7461.18,0.0,7461.18,Card,0
373,2024-05-11,21,258,3,1,1,1200.1,0.0,1200.1,Mobile Money,0
374,2024-02-13,50,465,1,29,1,369.87,0.0,369.87,Cash,0
375,2024-09-26,68,224,1,21,1,7368.51,0.0,7368.51,Mobile Money,0
376,2024-07-16,72,421,1,11,1,4471.09,0.0,4471.09,Mobile Money,0
377,2024-08-06,10,468,5,6,1,3692.78,0.0,3692.78,Cash,0
378,2024-01-15,88,308,3,1,1,5645.91,0.0,5645.91,Cash,0
379,2024-05-19,94,16,5,26,1,6818.32,0.0,6818.32,Cash,1
380,2024-09-11,75,436,4,8,2,645.94,0.0,1291.87,Mobile Money,0
381,2024-05-27,36,145,3,1,1,6217.18,0.0,6217.18,Card,1
382,2024-02-14,37,131,5,7,1,247.04,0.0,247.04,Card,0
383,2024-03-14,18,1,2,23,2,7033.6,0.0,14067.2,Mobile Money,1
384,2024-10-30,48,82,5,6,1,6531.53,0.0,6531.53,Mobile Money,0
385,2024-09-22,91,342,2,27,1,2898.25,0.0,2898.25,Mobile Money,0
386,2024-12-13,97,132,2,12,1,6514.11,0.0,6514.11,Cash,0
387,2024-11-14,98,185,3,15,1,3005.31,0.0,3005.31,Card,0
388,2024-12-16,8,491,5,26,1,1731.67,0.0,1731.67,Card,0
389,2024-06-07,40,115,1,29,2,3037.37,0.0,6074.74,Card,0
390,2024-11-26,10,318,1,29,1,3614.87,0.0,3614.87,Card,0
391,2024-09-18,52,214,3,14,1,2639.55,0.0,2639.55,Card,0
392,2024-09-21,91,125,2,18,1,2970.09,0.0,2970.09,Card,0
393,2024-05-14,80,417,1,21,1,2097.04,0.0,2097.04,Mobile Money,0
394,2024-12-10,82,188,4,8,1,4844.84,0.0,4844.84,Mobile Money,0
395,2024-10-13,46,330,2,30,1,1190.92,0.0,1190.92,Cash,0
396,2024-12-05,40,33,1,11,1,2964.7,0.0,2964.7,Mobile Money,0
397,2024-02-08,15,145,2,3,1,4374.71,0.0,4374.71,Mobile Money,0
398,2024-05-31,64,141,1,11,1,7132.28,0.0,7132.28,Card,0
399,2024-10-06,32,441,4,8,1,6007.11,0.0,6007.11,Cash,0
400,2024-01-31,69,452,5,6,1,4322.42,0.0,4322.42,Card,0
401,2024-09-01,85,319,3,14,1,547.27,0.0,547.27,Cash,0
402,2024-01-23,21,172,2,24,1,1206.98,0.0,1206.98,Mobile Money,0
403,2024-11-06,17,38,5,7,1,777.45,0.0,777.45,Mobile Money,0
404,2024-02-09,75,232,2,18,3,635.15,0.0,1905.46,Card,0
405,2024-09-20,12,95,2,12,1,2668.36,0.0,2668.36,Card,1
406,2024-10-12,57,198,1,11,2,7816.53,0.0,15633.06,Card,0
407,2024-02-07,5,183,1,21,1,5257.49,0.0,5257.49,Mobile Money,0
408,2024-10-20,7,157,5,25,1,6036.87,0.0,6036.87,Mobile Money,0
409,2024-03-25,82,416,2,23,1,5416.93,0.0,5416.93,Mobile Money,0
410,2024-05-07,10,141,2,30,1,3553.87,0.0,3553.87,Cash,0
411,2024-12-27,83,462,1,11,1,970.81,0.0,970.81,Card,1
412,2024-08-20,41,188,2,3,2,7396.89,0.0,14793.77,Cash,0
413,2024-12-10,15,329,1,21,1,5169.73,0.0,5169.73,Mobile Money,0
414,2024-04-05,51,17,1,29,1,477.77,0.0,477.77,Mobile Money,1
415,2024-02-11,36,283,2,18,2,6310.22,631.02,11989.42,Cash,1
416,2024-09-04,18,234,1,11,1,7864.3,0.0,7864.3,Card,1
417,2024-11-11,73,245,1,2,1,2222.36,0.0,2222.36,Card,0
418,2024-11-07,87,4,5,7,1,4290.4,0.0,4290.4,Mobile Money,0
419,2024-04-03,71,82,1,11,1,7202.66,0.0,7202.66,Mobile Money,0
420,2024-08-30,75,333,5,6,1,541.43,0.0,541.43,Mobile Money,0
421,2024-12-06,52,146,3,1,2,2637.07,0.0,5274.14,Card,0
422,2024-11-01,3,63,5,26,1,1284.62,64.23,1220.39,Cash,1
423,2024-01-03,26,235,1,2,2,7951.64,0.0,15903.28,Mobile Money,0
424,2024-10-01,73,392,3,14,1,2392.86,0.0,2392.86,Mobile Money,0
425,2024-09-21,16,256,4,10,1,4846.01,0.0,4846.01,Cash,1
426,2024-09-06,32,278,1,21,1,6492.63,0.0,6492.63,Card,0
427,2024-08-25,73,6,3,15,1,2521.29,0.0,2521.29,Mobile Money,0
428,2024-07-31,11,35,4,19,1,4694.94,0.0,4694.94,Card,0
429,2024-07-21,1,469,3,22,1,3161.76,0.0,3161.76,Mobile Money,0
430,2024-01-21,88,18,2,18,1,4771.44,0.0,4771.44,Card,0
431,2024-09-24,59,240,4,9,1,6289.44,0.0,6289.44,Cash,0
432,2024-02-27,48,144,2,23,1,6349.93,0.0,6349.93,Mobile Money,0
433,2024-02-15,13,223,5,25,1,3522.95,0.0,3522.95,Mobile Money,0
434,2024-11-21,63,344,5,7,1,1899.03,94.95,1804.08,Mobile Money,0
435,2024-12-13,31,214,5,7,1,2939.99,0.0,2939.99,Mobile Money,0
436,2024-02-03,9,235,5,26,1,2599.59,0.0,2599.59,Mobile Money,1
437,2024-09-03,77,351,1,29,1,1256.78,0.0,1256.78,Cash,0
438,2024-05-26,43,461,5,6,3,2401.08,120.05,7083.18,Mobile Money,0
439,2024-10-06,16,202,5,25,1,5400.99,0.0,5400.99,Mobile Money,1
440,2024-04-30,50,294,2,4,1,381.83,0.0,381.83,Card,0
441,2024-05-27,92,102,3,15,1,6826.51,341.33,6485.18,Mobile Money,0
442,2024-03-02,58,498,5,6,3,4872.53,0.0,14617.59,Card,0
443,2024-02-13,53,36,2,30,2,7836.13,0.0,15672.25,Cash,1
444,2024-05-12,15,216,1,21,1,5021.48,0.0,5021.48,Card,0
445,2024-03-02,51,191,4,19,1,461.86,0.0,461.86,Card,1
446,2024-02-02,24,474,3,22,1,2515.96,0.0,2515.96,Cash,0
447,2024-02-18,61,155,5,25,1,6682.13,668.21,6013.92,Cash,0
448,2024-02-21,74,351,2,30,1,4688.41,234.42,4453.99,Card,0
449,2024-11-05,89,497,5,26,1,5695.76,0.0,5695.76,Card,0
450,2024-05-18,16,313,1,29,2,5270.13,0.0,10540.26,Cash,1
451,2024-04-20,56,467,3,22,1,2694.36,0.0,2694.36,Cash,0
452,2024-08-13,5,432,1,2,1,4787.38,0.0,4787.38,Cash,0
453,2024-12-27,79,211,2,18,1,5712.64,285.63,5427.01,Cash,0
454,2024-03-22,29,234,4,19,2,878.38,0.0,1756.76,Cash,0
455,2024-09-23,13,488,3,15,1,3630.94,0.0,3630.94,Card,0
456,2024-08-29,25,54,5,6,1,4745.76,0.0,4745.76,Cash,0
457,2024-04-26,91,178,5,26,1,3101.38,0.0,3101.38,Mobile Money,0
458,2024-07-27,37,241,3,14,1,266.55,0.0,266.55,Mobile Money,0
459,2024-12-07,6,396,3,16,1,383.92,0.0,383.92,Mobile Money,0
460,2024-05-15,59,486,2,20,1,7072.25,0.0,7072.25,Mobile Money,0
461,2024-01-18,61,48,1,29,1,6589.01,0.0,6589.01,Cash,0
462,2024-05-31,38,80,3,16,1,5877.73,0.0,5877.73,Mobile Money,0
463,2024-04-17,22,191,3,14,1,479.77,0.0,479.77,Card,0
464,2024-08-29,44,386,4,13,1,6285.22,0.0,6285.22,Mobile Money,0
465,2024-05-18,23,248,3,1,1,2236.2,0.0,2236.2,Cash,0
466,2024-05-11,66,364,3,1,1,3586.91,0.0,3586.91,Mobile Money,0
467,2024-03-02,85,109,1,21,1,475.17,0.0,475.17,Card,0
468,2024-02-13,12,400,4,10,1,2252.97,0.0,2252.97,Cash,1
469,2024-08-27,12,480,3,1,1,2312.46,0.0,2312.46,Cash,1
470,2024-05-13,30,482,5,25,1,533.0,0.0,533.0,Cash,1
471,2024-11-13,55,491,3,15,1,1870.59,0.0,1870.59,Mobile Money,0
472,2024-08-21,67,73,3,14,1,1223.1,0.0,1223.1,Mobile Money,0
473,2024-12-13,38,216,1,11,1,5928.38,0.0,5928.38,Cash,0
474,2024-03-01,100,31,2,3,1,6624.43,0.0,6624.43,Mobile Money,0
475,2024-05-27,41,452,2,4,1,6273.17,0.0,6273.17,Card,0
476,2024-09-07,90,215,2,27,1,7374.5,0.0,7374.5,Cash,0
477,2024-05-07,77,227,5,25,3,1275.19,0.0,3825.57,Card,0
478,2024-01-12,68,325,1,29,1,7722.34,0.0,7722.34,Card,0
479,2024-08-30,46,99,3,15,1,1102.19,0.0,1102.19,Mobile Money,0
480,2024-10-12,17,494,2,27,1,639.0,0.0,639.0,Mobile Money,0
481,2024-04-21,77,185,5,7,1,1405.77,0.0,1405.77,Cash,0
482,2024-01-18,58,198,1,11,1,5262.15,0.0,5262.15,Card,0
483,2024-08-15,88,57,3,14,2,5491.96,0.0,10983.91,Mobile Money,0
484,2024-10-08,96,398,3,14,2,998.08,0.0,1996.17,Card,0
485,2024-03-24,30,460,2,30,1,599.53,0.0,599.53,Mobile Money,1
486,2024-04-28,90,383,2,24,1,7425.0,0.0,7425.0,Card,0
487,2024-10-30,4,490,5,7,1,691.6,0.0,691.6,Cash,1
488,2024-04-27,60,296,3,16,1,7642.18,382.11,7260.07,Mobile Money,1
489,2024-10-24,15,266,3,22,3,4961.33,0.0,14883.99,Cash,0
490,2024-04-18,51,328,4,17,1,412.52,0.0,412.52,Card,1
491,2024-04-01,12,288,4,17,1,2544.09,0.0,2544.09,Card,1
492,2024-05-11,42,141,4,8,1,3044.41,0.0,3044.41,Cash,1
493,2024-06-12,33,179,4,13,1,2391.82,0.0,2391.82,Card,1
494,2024-08-30,58,294,2,23,1,4826.28,482.63,4343.65,Mobile Money,0
495,2024-08-28,45,305,1,29,2,7578.86,0.0,15157.73,Mobile Money,1
496,2024-05-19,26,481,3,15,1,8230.03,0.0,8230.03,Card,0
497,2024-01-27,8,82,2,27,1,1739.53,0.0,1739.53,Card,0
498,2024-12-20,90,218,4,13,1,6969.78,0.0,6969.78,Card,0
499,2024-12-02,28,235,5,25,1,5036.51,0.0,5036.51,Card,0
500,2024-11-01,30,298,2,12,1,526.78,0.0,526.78,Mobile Money,1
501,2024-02-24,74,407,2,20,1,4962.42,0.0,4962.42,Mobile Money,0
502,2024-04-10,92,290,2,12,1,6932.45,0.0,6932.45,Card,0
503,2024-08-02,56,157,4,13,1,2381.82,119.09,2262.73,Cash,0
504,2024-07-22,88,116,4,13,1,5302.18,0.0,5302.18,Cash,0
505,2024-01-11,33,115,4,13,1,2576.06,0.0,2576.06,Mobile Money,1
506,2024-01-17,91,462,1,11,1,2993.41,0.0,2993.41,Cash,0
507,2024-09-10,83,18,4,19,1,908.94,0.0,908.94,Card,1
508,2024-04-12,16,149,2,18,1,4923.22,0.0,4923.22,Cash,1
509,2024-04-29,29,134,5,25,1,905.17,0.0,905.17,Mobile Money,0
510,2024-02-19,26,469,5,26,3,7161.61,716.16,20768.68,Card,0
511,2024-03-28,26,165,1,11,1,7433.74,0.0,7433.74,Card,0
512,2024-09-26,90,327,1,11,1,7763.19,0.0,7763.19,Mobile Money,0
513,2024-06-27,73,483,5,26,1,2582.08,0.0,2582.08,Cash,0
514,2024-06-30,32,500,3,15,1,7320.02,0.0,7320.02,Mobile Money,0
515,2024-11-27,89,287,2,4,1,6109.61,0.0,6109.61,Mobile Money,0
516,2024-04-06,69,201,3,16,1,3913.61,0.0,3913.61,Cash,0
517,2024-12-30,77,58,3,14,1,1382.32,0.0,1382.32,Card,0
518,2024-07-31,55,370,4,8,1,2180.17,0.0,2180.17,Cash,0
519,2024-11-27,7,46,4,17,1,6951.26,0.0,6951.26,Cash,0
520,2024-02-10,93,99,1,29,1,2046.0,0.0,2046.0,Card,0
521,2024-06-21,26,319,4,9,1,8387.01,0.0,8387.01,Card,0
522,2024-01-12,30,477,5,26,1,551.07,0.0,551.07,Mobile Money,1
523,2024-05-13,66,451,1,21,1,3756.17,0.0,3756.17,Cash,0
524,2024-07-30,6,320,4,10,1,338.41,0.0,338.41,Card,0
525,2024-06-02,74,324,1,21,1,4661.94,0.0,4661.94,Cash,0
526,2024-04-24,44,331,2,18,1,5657.09,0.0,5657.09,Cash,0
527,2024-01-24,33,231,3,1,1,2369.74,0.0,2369.74,Card,1
528,2024-12-19,23,384,4,13,1,2132.95,0.0,2132.95,Card,0
529,2024-02-02,31,327,4,8,1,3045.81,0.0,3045.81,Cash,0
530,2024-08-26,68,168,4,8,1,7368.26,0.0,7368.26,Card,0
531,2024-11-24,75,12,4,10,1,566.8,0.0,566.8,Cash,0
532,2024-03-21,79,35,3,15,1,5629.88,0.0,5629.88,Card,0
533,2024-08-02,13,340,1,29,1,3858.75,0.0,3858.75,Mobile Money,0
534,2024-07-27,32,86,5,7,1,7294.73,0.0,7294.73,Card,0
535,2024-03-12,77,170,2,20,1,1421.28,0.0,1421.28,Cash,0
536,2024-11-14,100,24,2,20,1,7426.51,0.0,7426.51,Card,0
537,2024-12-28,53,476,4,9,1,7280.13,0.0,7280.13,Cash,1
538,2024-10-19,79,474,3,14,1,5520.43,552.04,4968.39,Card,0
539,2024-08-19,81,420,5,7,1,3240.53,0.0,3240.53,Cash,0
540,2024-07-23,37,383,5,26,3,223.55,0.0,670.64,Cash,0
541,2024-02-12,88,360,2,4,1,5243.77,0.0,5243.77,Card,0
542,2024-03-21,48,125,2,4,1,6127.31,0.0,6127.31,Cash,0
543,2024-01-19,79,281,3,16,1,5457.72,0.0,5457.72,Mobile Money,0
544,2024-08-12,57,260,3,15,1,8020.56,0.0,8020.56,Mobile Money,0
545,2024-04-25,84,92,4,5,1,2804.49,0.0,2804.49,Card,1
546,2024-03-14,39,461,1,21,1,6259.4,312.97,5946.43,Cash,0
547,2024-10-29,80,447,5,25,1,2212.52,0.0,2212.52,Cash,0
548,2024-10-17,52,463,1,2,1,2901.12,0.0,2901.12,Cash,0
549,2024-04-12,46,452,1,2,1,1168.55,0.0,1168.55,Card,0
550,2024-03-18,29,432,4,19,1,977.43,0.0,977.43,Card,0
551,2024-04-03,72,84,3,14,1,3893.89,0.0,3893.89,Mobile Money,0
552,2024-11-29,84,372,1,21,1,2822.91,0.0,2822.91,Cash,1
553,2024-12-28,97,268,1,11,2,7483.29,0.0,14966.59,Mobile Money,0
554,2024-06-28,97,21,5,26,1,7342.05,0.0,7342.05,Card,0
555,2024-07-31,2,271,1,11,1,5986.72,0.0,5986.72,Card,0
556,2024-07-28,41,185,4,9,1,7579.55,0.0,7579.55,Mobile Money,0
557,2024-10-03,75,13,4,9,1,542.92,0.0,542.92,Cash,0
558,2024-10-10,86,272,3,22,1,5781.02,289.05,5491.97,Cash,0
559,2024-05-30,38,423,4,19,1,5224.88,0.0,5224.88,Cash,0
560,2024-07-07,85,218,4,17,1,531.57,26.58,504.99,Card,0
561,2024-11-12,81,92,5,6,1,3221.66,0.0,3221.66,Cash,0
562,2024-08-10,24,260,4,19,1,2633.34,0.0,2633.34,Cash,0
563,2024-10-07,28,13,4,17,1,5207.12,0.0,5207.12,Mobile Money,0
564,2024-12-20,83,135,1,11,1,831.3,0.0,831.3,Mobile Money,1
565,2024-05-12,14,25,3,14,1,1864.64,0.0,1864.64,Mobile Money,0
566,2024-01-29,28,337,4,17,1,4661.26,0.0,4661.26,Mobile Money,0
567,2024-04-12,43,367,1,29,1,2862.83,286.28,2576.55,Card,0
568,2024-01-04,19,463,1,21,1,2631.17,0.0,2631.17,Cash,0
569,2024-09-09,96,147,5,7,1,863.06,0.0,863.06,Card,0
570,2024-12-25,23,5,2,28,1,2424.07,0.0,2424.07,Cash,0
571,2024-09-06,14,113,1,29,1,1719.63,0.0,1719.63,Card,0
572,2024-12-16,19,312,1,11,1,2468.9,0.0,2468.9,Cash,0
573,2024-07-31,57,399,3,15,1,6735.14,0.0,6735.14,Cash,0
574,2024-07-01,14,186,1,21,1,1605.69,0.0,1605.69,Cash,0
575,2024-05-23,5,467,4,5,1,4767.92,0.0,4767.92,Card,0
576,2024-06-09,94,389,2,4,1,6160.05,0.0,6160.05,Mobile Money,1
577,2024-11-13,11,255,4,8,1,5327.03,0.0,5327.03,Mobile Money,0
578,2024-04-13,64,233,1,21,1,7068.32,0.0,7068.32,Card,0
579,2024-02-19,55,234,3,14,1,2135.49,0.0,2135.49,Cash,0
580,2024-08-25,35,453,2,23,1,802.78,40.14,762.64,Cash,0
581,2024-08-12,38,240,3,15,1,5881.96,0.0,5881.96,Card,0
582,2024-06-26,33,38,2,12,1,2506.43,0.0,2506.43,Mobile Money,1
583,2024-03-04,27,449,2,20,1,7051.43,0.0,7051.43,Mobile Money,0
584,2024-04-09,53,24,3,14,1,7945.98,0.0,7945.98,Cash,1
585,2024-07-18,17,104,1,21,1,766.98,38.35,728.63,Mobile Money,0
586,2024-05-03,68,298,1,21,1,7009.64,0.0,7009.64,Mobile Money,0
587,2024-03-04,22,285,2,3,2,427.84,0.0,855.69,Mobile Money,0
588,2024-08-01,63,64,3,16,1,1899.91,0.0,1899.91,Cash,0
589,2024-04-19,70,144,5,25,1,3094.35,0.0,3094.35,Mobile Money,0
590,2024-07-20,63,424,2,30,1,1883.84,0.0,1883.84,Cash,0
591,2024-03-28,80,327,1,2,1,2136.68,0.0,2136.68,Card,0
592,2024-07-30,81,128,3,22,1,3111.56,0.0,3111.56,Card,0
593,2024-06-07,35,490,1,11,1,786.2,0.0,786.2,Cash,0
594,2024-08-02,37,72,4,8,1,253.47,0.0,253.47,Mobile Money,0
595,2024-11-03,90,302,5,7,1,7944.03,0.0,7944.03,Card,0
596,2024-12-05,64,386,2,3,1,6722.63,0.0,6722.63,Cash,0
597,2024-08-01,39,152,3,16,1,5812.96,0.0,5812.96,Mobile Money,0
598,2024-12-20,36,247,5,6,1,6595.75,0.0,6595.75,Card,1
599,2024-06-25,92,377,4,10,1,6803.03,0.0,6803.03,Cash,0
600,2024-08-19,89,443,5,26,1,5886.44,0.0,5886.44,Mobile Money,0
601,2024-04-15,50,419,3,22,1,411.3,20.56,390.74,Mobile Money,0
602,2024-11-16,31,167,1,11,1,3321.79,0.0,3321.79,Cash,0
603,2024-06-26,91,433,3,15,2,3075.98,0.0,6151.96,Mobile Money,0
604,2024-06-21,33,102,3,22,1,2307.86,0.0,2307.86,Card,1
605,2024-07-28,22,150,1,21,1,467.46,0.0,467.46,Cash,0
606,2024-01-18,93,337,4,19,1,2100.63,0.0,2100.63,Mobile Money,0
607,2024-01-12,53,372,4,5,1,7329.54,0.0,7329.54,Mobile Money,1
608,2024-02-23,45,259,2,30,1,7525.63,0.0,7525.63,Mobile Money,1
609,2024-09-28,73,391,2,23,1,2448.69,0.0,2448.69,Mobile Money,0
610,2024-03-03,23,490,4,9,2,2210.02,0.0,4420.05,Mobile Money,0
611,2024-12-21,38,31,3,22,1,5345.18,0.0,5345.18,Cash,0
612,2024-01-31,48,317,1,21,1,6671.54,0.0,6671.54,Card,0
613,2024-01-20,9,47,2,12,1,2460.74,0.0,2460.74,Card,1
614,2024-08-03,65,395,5,6,1,236.96,0.0,236.96,Cash,0
615,2024-02-09,74,111,2,28,1,5058.33,0.0,5058.33,Mobile Money,0
616,2024-07-11,69,272,1,2,1,4100.8,0.0,4100.8,Card,0
617,2024-04-19,75,247,2,30,1,599.21,0.0,599.21,Card,0
618,2024-03-21,32,274,2,27,1,7265.87,363.29,6902.58,Card,0
619,2024-09-19,100,85,5,7,1,6808.26,340.41,6467.85,Mobile Money,0
620,2024-08-04,41,228,5,25,1,6911.47,691.15,6220.32,Cash,0
621,2024-03-05,90,91,5,7,1,7619.53,0.0,7619.53,Card,0
622,2024-05-28,31,91,4,13,1,3440.7,344.07,3096.63,Cash,0
623,2024-06-11,26,469,1,2,1,7759.99,0.0,7759.99,Card,0
624,2024-12-27,89,323,2,4,2,5058.35,0.0,10116.7,Cash,0
625,2024-10-25,25,6,2,30,1,4163.42,0.0,4163.42,Mobile Money,0
626,2024-02-14,11,90,2,18,1,4605.61,0.0,4605.61,Mobile Money,0
627,2024-08-21,37,16,4,13,1,222.37,11.12,211.25,Mobile Money,0
628,2024-07-10,37,87,5,6,3,229.57,0.0,688.7,Cash,0
629,2024-01-10,68,355,1,29,1,7843.79,0.0,7843.79,Mobile Money,0
630,2024-11-10,100,267,2,12,1,7470.29,0.0,7470.29,Mobile Money,0
631,2024-03-28,87,305,1,11,1,4300.12,0.0,4300.12,Card,0
632,2024-07-06,59,117,3,15,1,6364.18,0.0,6364.18,Cash,0
633,2024-06-02,14,206,1,29,1,1896.89,0.0,1896.89,Cash,0
634,2024-03-13,85,463,2,27,1,508.97,0.0,508.97,Card,0
635,2024-01-17,80,182,4,19,2,1919.23,0.0,3838.45,Mobile Money,0
636,2024-04-19,54,153,4,19,1,3594.68,0.0,3594.68,Card,1
637,2024-01-30,21,359,3,14,1,1113.78,0.0,1113.78,Mobile Money,0
638,2024-10-08,85,466,5,6,3,553.88,0.0,1661.64,Cash,0
639,2024-05-01,15,468,4,19,1,4436.75,0.0,4436.75,Mobile Money,0
640,2024-05-24,38,223,2,28,1,6000.97,0.0,6000.97,Card,0
641,2024-09-22,24,55,1,21,1,2850.41,0.0,2850.41,Mobile Money,0
642,2024-02-01,38,367,3,15,1,5350.07,0.0,5350.07,Card,0
643,2024-07-27,63,283,2,23,1,1897.18,0.0,1897.18,Mobile Money,0
644,2024-01-06,3,130,3,22,1,1391.36,0.0,1391.36,Cash,1
645,2024-10-30,53,452,2,27,1,6596.15,0.0,6596.15,Cash,1
646,2024-08-20,67,436,1,11,1,1170.28,0.0,1170.28,Cash,0
647,2024-10-21,79,155,2,18,1,5905.65,0.0,5905.65,Mobile Money,0
648,2024-09-02,52,102,5,7,1,2847.41,0.0,2847.41,Card,0
649,2024-02-01,17,221,2,24,1,683.47,34.17,649.3,Cash,0
650,2024-12-22,19,240,5,25,1,2394.92,0.0,2394.92,Card,0
651,2024-06-01,48,162,5,26,1,6298.58,629.86,5668.72,Cash,0
652,2024-06-14,42,299,4,9,1,3021.46,0.0,3021.46,Cash,1
653,2024-01-27,3,263,5,7,1,1452.18,0.0,1452.18,Cash,1
654,2024-08-27,36,231,1,21,2,5787.42,578.74,10996.11,Cash,1
655,2024-08-06,98,64,1,29,1,2657.56,0.0,2657.56,Card,0
656,2024-06-11,33,240,3,15,1,2217.8,0.0,2217.8,Card,1
657,2024-06-03,37,496,3,1,1,243.62,0.0,243.62,Mobile Money,0
658,2024-06-24,27,410,1,2,1,7593.45,0.0,7593.45,Card,0
659,2024-08-11,99,30,1,29,1,5874.71,587.47,5287.24,Mobile Money,1
660,2024-08-27,9,396,5,7,1,2646.2,0.0,2646.2,Card,1
661,2024-07-10,26,318,3,22,2,7442.98,0.0,14885.96,Card,0
662,2024-01-20,38,229,5,25,1,5666.9,0.0,5666.9,Cash,0
663,2024-08-14,92,215,4,19,1,7832.41,0.0,7832.41,Mobile Money,0
664,2024-11-23,77,115,5,25,1,1462.04,0.0,1462.04,Cash,0
665,2024-07-25,66,230,5,7,1,3616.97,0.0,3616.97,Card,0
666,2024-09-20,97,193,1,21,3,7459.99,0.0,22379.97,Card,0
667,2024-05-18,100,405,2,12,1,7793.97,779.4,7014.57,Cash,0
668,2024-03-27,21,430,2,28,1,1166.78,0.0,1166.78,Mobile Money,0
669,2024-07-24,57,87,2,27,1,7404.99,0.0,7404.99,Card,0
670,2024-06-01,81,395,1,2,1,3278.11,0.0,3278.11,Card,0
671,2024-07-12,87,152,5,7,1,4247.33,0.0,4247.33,Cash,0
672,2024-08-07,90,15,5,25,1,7592.49,379.62,7212.87,Card,0
673,2024-10-13,57,247,4,17,1,6875.18,0.0,6875.18,Card,0
674,2024-01-27,51,145,2,24,1,472.47,0.0,472.47,Card,1
675,2024-02-17,32,412,2,12,1,6356.13,0.0,6356.13,Mobile Money,0
676,2024-05-09,11,23,4,9,1,4695.76,0.0,4695.76,Card,0
677,2024-12-02,24,446,2,23,1,2511.9,0.0,2511.9,Card,0
678,2024-11-27,89,432,2,27,1,5864.23,0.0,5864.23,Card,0
679,2024-07-18,72,211,4,10,1,4193.61,0.0,4193.61,Cash,0
680,2024-09-24,87,402,4,10,1,4107.88,0.0,4107.88,Card,0
681,2024-05-18,99,487,3,1,1,5933.92,0.0,5933.92,Mobile Money,1
682,2024-03-29,43,89,3,15,1,2705.55,0.0,2705.55,Card,0
683,2024-09-18,76,300,1,11,1,7843.73,0.0,7843.73,Card,0
684,2024-02-16,26,142,4,9,1,7524.05,0.0,7524.05,Mobile Money,0
685,2024-07-08,25,373,5,25,1,4803.28,0.0,4803.28,Card,0
686,2024-08-01,43,170,4,10,1,2645.83,0.0,2645.83,Cash,0
687,2024-08-02,6,147,1,11,1,361.0,0.0,361.0,Mobile Money,0
688,2024-06-16,93,335,5,6,1,2235.73,0.0,2235.73,Card,0
689,2024-02-08,66,341,4,17,1,3582.07,0.0,3582.07,Cash,0
690,2024-06-04,36,481,1,11,1,5610.36,0.0,5610.36,Card,1
691,2024-08-25,88,324,1,29,1,4775.06,0.0,4775.06,Mobile Money,0
692,2024-03-24,22,486,3,16,1,488.93,0.0,488.93,Cash,0
693,2024-02-20,82,30,5,6,1,5586.74,0.0,5586.74,Mobile Money,0
694,2024-12-24,16,160,4,10,1,4540.48,0.0,4540.48,Card,1
695,2024-10-22,98,51,3,16,2,3011.99,0.0,6023.98,Card,0
696,2024-04-09,48,438,5,7,1,6193.5,0.0,6193.5,Cash,0
697,2024-03-01,33,499,2,30,1,2586.86,129.34,2457.52,Cash,1
698,2024-08-27,28,122,2,27,1,4544.99,0.0,4544.99,Card,0
699,2024-09-11,44,489,1,2,1,5981.45,0.0,5981.45,Mobile Money,0
700,2024-05-08,17,162,5,25,1,692.52,0.0,692.52,Card,0
701,2024-09-30,59,251,2,18,1,6264.7,313.23,5951.47,Card,0
702,2024-06-11,85,170,2,18,1,541.72,0.0,541.72,Card,0
703,2024-04-21,36,443,1,11,1,5972.21,0.0,5972.21,Mobile Money,1
704,2024-10-19,91,237,1,29,3,2596.25,0.0,7788.76,Mobile Money,0
705,2024-08-18,37,420,1,21,1,229.92,0.0,229.92,Card,0
706,2024-05-16,57,331,1,11,1,7518.91,0.0,7518.91,Cash,0
707,2024-07-20,43,106,5,25,1,2487.84,0.0,2487.84,Mobile Money,0
708,2024-04-29,92,246,4,8,1,7236.25,0.0,7236.25,Card,0
709,2024-11-22,89,134,2,27,1,5559.04,0.0,5559.04,Card,0
710,2024-11-04,49,380,3,22,1,4171.59,0.0,4171.59,Card,0
711,2024-12-25,76,470,3,14,1,7921.09,0.0,7921.09,Cash,0
712,2024-04-30,9,30,2,12,1,2784.67,139.23,2645.44,Mobile Money,1
713,2024-09-21,62,434,3,1,1,2440.94,122.05,2318.89,Card,0
714,2024-08-11,81,405,2,3,1,3367.69,0.0,3367.69,Mobile Money,0
715,2024-07-20,1,69,2,30,1,2999.78,0.0,2999.78,Card,0
716,2024-12-06,35,302,4,5,2,771.36,0.0,1542.71,Card,0
717,2024-12-10,42,411,2,27,1,2636.57,0.0,2636.57,Mobile Money,1
718,2024-01-24,73,13,2,3,1,2485.39,0.0,2485.39,Cash,0
719,2024-11-13,65,298,2,18,1,266.35,0.0,266.35,Cash,0
720,2024-03-02,50,450,4,8,1,400.69,0.0,400.69,Mobile Money,0
721,2024-06-27,24,225,2,27,1,2841.57,0.0,2841.57,Mobile Money,0
722,2024-03-04,37,414,1,29,1,248.17,0.0,248.17,Card,0
723,2024-12-25,38,305,2,24,1,5479.83,0.0,5479.83,Card,0
724,2024-12-10,61,460,1,11,1,6755.94,0.0,6755.94,Mobile Money,0
725,2024-06-12,53,383,3,15,1,7006.55,0.0,7006.55,Mobile Money,1
726,2024-05-07,38,54,5,7,1,5647.88,0.0,5647.88,Mobile Money,0
727,2024-05-10,35,326,2,3,1,808.87,0.0,808.87,Cash,0
728,2024-07-27,85,419,5,26,1,487.23,0.0,487.23,Cash,0
729,2024-09-26,69,310,4,8,1,4579.32,0.0,4579.32,Cash,0
730,2024-10-07,66,121,1,2,3,3800.67,0.0,11402.01,Mobile Money,0
731,2024-05-24,35,5,5,7,1,803.27,0.0,803.27,Mobile Money,0
732,2024-02-29,59,93,1,2,1,6488.58,0.0,6488.58,Card,0
733,2024-12-01,93,382,1,2,1,2383.18,119.16,2264.02,Cash,0
734,2024-06-12,52,356,4,5,1,2432.31,0.0,2432.31,Cash,0
735,2024-11-29,9,363,2,28,1,2422.76,0.0,2422.76,Cash,1
736,2024-12-07,8,454,3,14,1,1681.94,0.0,1681.94,Cash,0
737,2024-03-25,88,24,2,28,1,5512.2,275.61,5236.59,Mobile Money,0
738,2024-05-23,95,116,3,15,1,4717.51,0.0,4717.51,Card,0
739,2024-09-14,75,14,1,21,1,651.95,0.0,651.95,Card,0
740,2024-04-04,100,93,4,5,1,7556.32,0.0,7556.32,Card,0
741,2024-04-01,9,171,1,11,1,2493.95,124.7,2369.25,Mobile Money,1
742,2024-01-12,37,261,4,19,1,251.9,0.0,251.9,Cash,0
743,2024-07-05,100,17,1,29,1,6645.72,0.0,6645.72,Mobile Money,0
744,2024-10-04,96,395,2,3,1,976.67,0.0,976.67,Cash,0
745,2024-06-18,86,484,5,25,1,5950.43,0.0,5950.43,Mobile Money,0
746,2024-08-15,40,333,4,10,3,3187.66,0.0,9562.98,Card,0
747,2024-01-16,89,394,4,9,1,5287.51,0.0,5287.51,Card,0
748,2024-03-22,39,179,2,30,1,6261.18,0.0,6261.18,Card,0
749,2024-08-01,83,343,4,17,1,915.26,0.0,915.26,Card,1
750,2024-11-05,4,81,2,23,1,639.86,0.0,639.86,Cash,1
751,2024-10-19,98,449,1,2,1,2661.77,0.0,2661.77,Mobile Money,0
752,2024-09-12,22,268,5,7,1,429.79,0.0,429.79,Cash,0
753,2024-12-18,30,369,1,21,1,522.13,0.0,522.13,Mobile Money,1
754,2024-12-20,60,114,3,1,1,7478.82,0.0,7478.82,Card,1
755,2024-01-12,9,379,1,21,1,2644.84,0.0,2644.84,Card,1
756,2024-01-20,2,316,2,12,2,6073.31,0.0,12146.62,Card,0
757,2024-06-02,76,425,3,22,1,6643.16,332.16,6311.0,Mobile Money,0
758,2024-08-20,15,221,2,12,1,4647.43,0.0,4647.43,Card,0
759,2024-04-25,81,110,3,15,3,2861.45,0.0,8584.35,Cash,0
760,2024-03-12,38,346,5,6,1,5974.36,0.0,5974.36,Cash,0
761,2024-11-04,6,436,5,25,1,390.81,0.0,390.81,Cash,0
762,2024-08-25,9,248,3,22,1,2813.92,0.0,2813.92,Mobile Money,1
763,2024-10-18,99,196,1,2,1,5673.26,0.0,5673.26,Cash,1
764,2024-03-03,8,53,5,26,1,1764.59,176.46,1588.13,Card,0
765,2024-09-04,2,221,1,29,1,6278.98,313.95,5965.03,Mobile Money,0
766,2024-02-19,78,46,2,27,1,8601.95,0.0,8601.95,Card,0
767,2024-04-28,3,385,2,27,1,1487.13,0.0,1487.13,Mobile Money,1
768,2024-06-08,56,250,1,2,2,2498.17,0.0,4996.35,Cash,0
769,2024-04-04,6,102,4,9,1,336.92,0.0,336.92,Card,0
770,2024-10-17,85,340,1,21,1,511.47,0.0,511.47,Card,0
771,2024-06-26,90,306,3,1,1,8118.23,0.0,8118.23,Mobile Money,0
772,2024-10-04,28,30,4,5,1,4846.37,0.0,4846.37,Card,0
773,2024-01-18,99,285,3,16,1,5573.04,0.0,5573.04,Cash,1
774,2024-11-10,24,298,5,25,1,2626.78,0.0,2626.78,Mobile Money,0
775,2024-11-16,88,207,5,7,1,5150.09,0.0,5150.09,Card,0
776,2024-08-02,94,231,2,12,1,7053.43,0.0,7053.43,Mobile Money,1
777,2024-07-23,95,439,5,25,3,3932.24,0.0,11796.73,Card,0
778,2024-04-17,1,424,3,14,1,3331.2,0.0,3331.2,Cash,0
779,2024-07-10,95,346,1,2,1,4755.22,0.0,4755.22,Cash,0
780,2024-07-23,59,51,3,16,1,6316.45,0.0,6316.45,Cash,0
781,2024-08-31,30,302,2,27,1,502.02,0.0,502.02,Cash,1
782,2024-09-14,53,223,1,11,1,6592.41,0.0,6592.41,Card,1
783,2024-01-12,56,419,3,14,1,2655.01,132.75,2522.26,Cash,0
784,2024-08-19,20,86,1,11,1,5939.43,296.97,5642.46,Mobile Money,0
785,2024-06-20,87,207,4,8,1,4169.45,0.0,4169.45,Card,0
786,2024-08-07,89,359,1,11,1,5311.77,0.0,5311.77,Cash,0
787,2024-04-09,58,115,3,16,1,4827.13,0.0,4827.13,Mobile Money,0
788,2024-07-31,57,382,5,7,1,7728.46,0.0,7728.46,Card,0
789,2024-05-17,39,215,4,10,1,6632.03,331.6,6300.43,Mobile Money,0
790,2024-01-31,93,430,3,22,1,2431.94,0.0,2431.94,Card,0
791,2024-08-29,6,445,5,7,1,341.56,0.0,341.56,Mobile Money,0
792,2024-09-03,71,115,3,22,1,7737.45,0.0,7737.45,Cash,0
793,2024-04-21,58,358,4,8,1,4881.14,244.06,4637.08,Mobile Money,0
794,2024-06-10,3,478,4,8,1,1415.79,0.0,1415.79,Mobile Money,1
795,2024-09-07,36,187,3,1,1,6100.64,0.0,6100.64,Card,1
796,2024-04-24,15,457,2,27,1,4400.91,0.0,4400.91,Card,0
797,2024-04-01,57,463,4,19,1,6956.52,0.0,6956.52,Cash,0
798,2024-10-28,22,484,2,28,1,452.46,0.0,452.46,Mobile Money,0
799,2024-10-25,32,22,4,17,1,7242.66,0.0,7242.66,Mobile Money,0
800,2024-04-05,29,445,5,7,1,862.69,0.0,862.69,Mobile Money,0
801,2024-06-04,28,304,3,16,1,4636.3,231.81,4404.49,Mobile Money,0
802,2024-05-29,68,363,4,10,1,7156.09,0.0,7156.09,Cash,0
803,2024-02-15,7,444,1,29,1,6835.68,0.0,6835.68,Card,0
804,2024-12-13,51,79,2,3,1,442.76,0.0,442.76,Mobile Money,1
805,2024-10-03,94,362,5,7,1,6135.02,0.0,6135.02,Cash,1
806,2024-10-23,40,57,4,9,1,3184.75,0.0,3184.75,Cash,0
807,2024-06-07,98,157,5,25,1,2587.44,0.0,2587.44,Cash,0
808,2024-01-15,6,255,3,22,1,349.21,0.0,349.21,Cash,0
809,2024-07-03,64,368,3,15,1,5963.36,0.0,5963.36,Cash,0
810,2024-01-25,46,41,1,11,1,1153.65,0.0,1153.65,Card,0
811,2024-07-23,54,2,2,24,1,3345.22,0.0,3345.22,Cash,1
812,2024-03-09,6,172,3,1,1,346.59,0.0,346.59,Card,0
813,2024-02-07,74,286,1,21,1,4561.67,456.17,4105.5,Mobile Money,0
814,2024-11-13,31,63,3,16,1,3055.42,0.0,3055.42,Mobile Money,0
815,2024-11-30,21,421,3,15,1,1114.52,0.0,1114.52,Card,0
816,2024-10-05,59,367,2,20,1,6992.82,0.0,6992.82,Card,0
817,2024-12-25,47,318,5,26,1,6263.04,0.0,6263.04,Mobile Money,0
818,2024-10-21,43,41,1,29,1,2630.3,0.0,2630.3,Cash,0
819,2024-09-19,56,130,5,7,1,2685.17,0.0,2685.17,Mobile Money,0
820,2024-07-27,18,415,3,15,1,8395.82,0.0,8395.82,Cash,1
821,2024-05-07,2,248,1,29,1,5998.18,0.0,5998.18,Cash,0
822,2024-07-18,30,240,4,13,2,574.51,0.0,1149.02,Card,1
823,2024-10-17,52,363,2,30,1,2534.99,0.0,2534.99,Card,0
824,2024-04-21,31,335,3,15,1,3529.42,0.0,3529.42,Mobile Money,0
825,2024-08-24,47,310,5,25,1,5925.66,0.0,5925.66,Mobile Money,0
826,2024-11-16,26,407,4,10,1,7308.33,0.0,7308.33,Card,0
827,2024-11-06,78,205,4,10,1,7666.27,0.0,7666.27,Mobile Money,0
828,2024-12-22,56,77,5,6,1,2388.11,0.0,2388.11,Card,0
829,2024-06-06,37,218,2,23,2,260.62,0.0,521.23,Card,0
830,2024-01-19,91,157,2,12,1,3032.32,0.0,3032.32,Mobile Money,0
831,2024-08-07,30,119,4,5,2,556.24,27.81,1084.67,Cash,1
832,2024-03-02,67,2,4,17,1,1053.89,0.0,1053.89,Cash,0
833,2024-01-28,59,172,1,11,2,6170.24,0.0,12340.47,Card,0
834,2024-05-07,94,30,5,7,1,6043.29,0.0,6043.29,Mobile Money,1
835,2024-02-03,42,17,5,26,2,2535.43,0.0,5070.86,Cash,1
836,2024-08-05,84,54,5,25,1,2439.86,0.0,2439.86,Card,1
837,2024-05-05,48,16,5,7,1,5728.03,286.4,5441.63,Card,0
838,2024-06-04,39,52,2,23,1,6347.59,317.38,6030.21,Mobile Money,0
839,2024-03-09,44,230,2,20,1,6256.61,0.0,6256.61,Mobile Money,0
840,2024-01-01,25,74,1,29,1,4609.62,0.0,4609.62,Card,0
841,2024-10-31,15,249,1,11,1,4509.52,0.0,4509.52,Cash,0
842,2024-12-07,95,107,5,26,1,4730.88,236.54,4494.34,Mobile Money,0
843,2024-06-21,43,135,3,16,1,2607.5,0.0,2607.5,Mobile Money,0
844,2024-04-16,3,436,1,11,1,1534.88,0.0,1534.88,Mobile Money,1
845,2024-06-13,66,56,5,6,1,3203.31,0.0,3203.31,Cash,0
846,2024-07-23,32,225,4,17,1,6209.93,310.5,5899.43,Cash,0
847,2024-07-08,98,494,5,6,1,2805.74,0.0,2805.74,Card,0
848,2024-08-16,46,38,3,14,1,1135.66,0.0,1135.66,Mobile Money,0
849,2024-01-31,10,395,3,15,1,3709.89,0.0,3709.89,Cash,0
850,2024-06-15,72,115,2,27,1,4110.22,0.0,4110.22,Cash,0
851,2024-03-16,76,392,1,2,1,7449.62,372.48,7077.14,Mobile Money,0
852,2024-12-17,53,286,3,22,1,6811.97,340.6,6471.37,Cash,1
853,2024-08-11,81,335,2,4,1,2892.28,144.61,2747.67,Card,0
854,2024-12-30,88,263,2,23,1,4723.97,0.0,4723.97,Cash,0
855,2024-11-16,63,267,1,29,1,1874.38,0.0,1874.38,Cash,0
856,2024-08-09,5,170,2,20,1,5097.1,0.0,5097.1,Card,0
857,2024-09-26,16,104,4,13,1,5383.85,0.0,5383.85,Mobile Money,1
858,2024-11-16,25,443,3,14,1,4694.2,0.0,4694.2,Cash,0
859,2024-05-31,14,342,3,14,1,1600.67,0.0,1600.67,Card,0
860,2024-08-27,8,445,2,18,2,1516.14,0.0,3032.28,Mobile Money,0
861,2024-06-07,15,210,3,14,1,4367.9,0.0,4367.9,Card,0
862,2024-03-06,72,306,5,25,1,3801.63,380.16,3421.47,Cash,0
863,2024-02-15,35,290,2,23,1,757.27,0.0,757.27,Card,0
864,2024-11-06,36,290,4,10,1,6748.94,0.0,6748.94,Cash,1
865,2024-01-20,34,72,5,25,1,1181.61,0.0,1181.61,Mobile Money,0
866,2024-01-08,40,489,2,18,1,3083.4,0.0,3083.4,Mobile Money,0
867,2024-11-19,34,126,4,10,1,1180.54,0.0,1180.54,Card,0
868,2024-05-10,46,290,1,2,1,1123.72,0.0,1123.72,Cash,0
869,2024-11-24,87,407,4,10,1,4580.26,0.0,4580.26,Mobile Money,0
870,2024-10-05,60,277,2,4,1,7451.51,0.0,7451.51,Card,1
871,2024-01-27,70,122,4,8,1,3319.85,0.0,3319.85,Mobile Money,0
872,2024-01-20,14,60,2,23,1,1730.77,0.0,1730.77,Mobile Money,0
873,2024-07-08,59,460,1,2,1,6114.7,0.0,6114.7,Cash,0
874,2024-01-13,34,277,4,10,1,1206.25,0.0,1206.25,Mobile Money,0
875,2024-05-06,5,172,3,14,1,4472.06,223.6,4248.46,Mobile Money,0
876,2024-02-05,14,396,2,30,1,1805.54,0.0,1805.54,Cash,0
877,2024-09-16,40,386,3,1,1,2704.88,0.0,2704.88,Mobile Money,0
878,2024-08-01,48,142,3,14,1,6469.36,0.0,6469.36,Mobile Money,0
879,2024-06-06,96,362,4,19,1,999.08,0.0,999.08,Cash,0
880,2024-07-19,79,428,2,24,1,5579.86,0.0,5579.86,Cash,0
881,2024-07-20,7,403,2,23,1,6960.83,0.0,6960.83,Mobile Money,0
882,2024-08-14,25,3,5,26,1,4705.15,0.0,4705.15,Mobile Money,0
883,2024-06-25,35,9,1,21,1,751.84,0.0,751.84,Mobile Money,0
884,2024-06-09,79,28,1,29,1,5537.13,0.0,5537.13,Mobile Money,0
885,2024-12-22,40,153,5,25,3,2903.77,0.0,8711.3,Card,0
886,2024-09-02,20,69,4,9,1,5830.54,583.05,5247.49,Mobile Money,0
887,2024-02-12,66,90,3,15,1,3424.08,0.0,3424.08,Cash,0
888,2024-02-07,99,479,3,14,1,5536.1,0.0,5536.1,Cash,1
889,2024-11-19,71,348,3,14,1,7778.25,0.0,7778.25,Cash,0
890,2024-11-25,92,176,5,7,3,8036.04,0.0,24108.13,Cash,0
891,2024-11-07,52,156,1,21,1,2594.06,129.7,2464.36,Mobile Money,0
892,2024-01-23,40,429,5,25,1,3044.46,0.0,3044.46,Mobile Money,0
893,2024-10-26,71,451,4,13,1,8034.5,0.0,8034.5,Card,0
894,2024-02-15,48,162,5,7,1,5826.88,0.0,5826.88,Mobile Money,0
895,2024-03-18,94,178,4,10,1,6160.03,0.0,6160.03,Cash,1
896,2024-03-23,10,296,5,7,1,3709.16,0.0,3709.16,Mobile Money,0
897,2024-04-11,37,213,5,26,1,264.05,0.0,264.05,Card,0
898,2024-07-25,18,291,5,26,1,8310.38,0.0,8310.38,Mobile Money,1
899,2024-02-25,43,298,2,20,1,2717.03,0.0,2717.03,Mobile Money,0
900,2024-05-07,95,303,5,6,1,4538.87,226.94,4311.93,Cash,0
901,2024-06-12,19,314,5,7,1,2732.92,0.0,2732.92,Card,0
902,2024-05-16,45,344,4,5,2,7580.91,0.0,15161.82,Mobile Money,1
903,2024-06-14,94,327,5,26,1,6855.82,0.0,6855.82,Mobile Money,1
904,2024-12-12,70,388,5,7,1,3306.78,0.0,3306.78,Card,0
905,2024-06-17,27,338,4,19,1,8247.8,0.0,8247.8,Mobile Money,0
906,2024-11-07,96,80,2,12,1,888.57,0.0,888.57,Card,0
907,2024-12-19,12,386,2,28,1,2270.94,0.0,2270.94,Card,1
908,2024-09-06,100,381,4,17,1,6926.05,0.0,6926.05,Cash,0
909,2024-02-14,22,491,5,6,1,438.41,0.0,438.41,Mobile Money,0
910,2024-12-03,8,236,3,15,1,1534.02,0.0,1534.02,Card,0
911,2024-11-12,3,339,1,2,1,1454.6,0.0,1454.6,Card,1
912,2024-04-03,99,224,1,11,3,6389.26,0.0,19167.78,Card,1
913,2024-01-16,78,74,5,25,1,7147.57,0.0,7147.57,Cash,0
914,2024-11-18,33,495,5,26,1,2469.76,0.0,2469.76,Mobile Money,1
915,2024-06-08,43,20,2,23,1,2689.28,0.0,2689.28,Cash,0
916,2024-10-07,99,23,3,15,1,6191.17,0.0,6191.17,Cash,1
917,2024-04-29,54,280,3,22,1,3457.01,0.0,3457.01,Card,1
918,2024-05-20,32,484,2,18,1,6102.78,0.0,6102.78,Card,0
919,2024-07-14,87,450,5,6,1,4377.4,0.0,4377.4,Card,0
920,2024-03-22,55,46,2,27,1,2148.16,0.0,2148.16,Card,0
921,2024-09-12,21,330,4,9,1,1125.8,0.0,1125.8,Cash,0
922,2024-08-29,42,142,1,2,1,2870.48,0.0,2870.48,Card,1
923,2024-12-16,12,411,3,1,1,2287.45,0.0,2287.45,Mobile Money,1
924,2024-07-12,48,359,4,13,1,6577.79,0.0,6577.79,Cash,0
925,2024-04-22,52,57,3,16,1,2507.86,0.0,2507.86,Card,0
926,2024-12-17,30,88,1,29,1,580.64,0.0,580.64,Mobile Money,1
927,2024-08-07,89,105,2,23,1,5039.44,0.0,5039.44,Card,0
928,2024-04-24,93,32,4,17,1,2058.51,0.0,2058.51,Mobile Money,0
929,2024-03-25,60,32,2,3,1,6572.33,0.0,6572.33,Card,1
930,2024-08-19,55,454,3,16,3,1905.76,0.0,5717.27,Card,0
931,2024-04-26,19,333,5,6,1,2414.46,0.0,2414.46,Cash,0
932,2024-05-07,1,288,4,8,1,3294.96,0.0,3294.96,Card,0
933,2024-04-02,55,377,4,5,1,2075.67,0.0,2075.67,Mobile Money,0
934,2024-11-28,34,213,1,11,1,1426.87,0.0,1426.87,Mobile Money,0
935,2024-12-03,54,161,3,14,1,3540.27,0.0,3540.27,Cash,1
936,2024-10-23,57,53,2,27,1,8137.53,0.0,8137.53,Card,0
937,2024-10-21,20,455,5,26,1,5511.69,0.0,5511.69,Cash,0
938,2024-04-05,81,244,1,2,1,2980.92,0.0,2980.92,Card,0
939,2024-04-20,20,162,3,14,1,5479.43,0.0,5479.43,Cash,0
940,2024-08-16,62,492,3,22,2,2841.8,0.0,5683.6,Card,0
941,2024-10-06,85,433,2,3,1,499.44,0.0,499.44,Card,0
942,2024-01-15,50,131,4,8,2,435.77,0.0,871.53,Cash,0
943,2024-01-29,38,362,3,22,1,5505.75,0.0,5505.75,Cash,0
944,2024-07-27,59,62,2,3,1,7091.75,0.0,7091.75,Cash,0
945,2024-12-29,62,424,1,11,1,2585.34,129.27,2456.07,Cash,0
946,2024-08-23,96,261,3,1,1,893.26,0.0,893.26,Card,0
947,2024-03-30,87,238,4,10,1,4173.41,0.0,4173.41,Card,0
948,2024-10-28,48,3,5,25,1,6427.27,0.0,6427.27,Mobile Money,0
949,2024-07-01,5,267,1,11,1,4975.71,0.0,4975.71,Card,0
950,2024-12-01,28,351,3,1,1,4981.1,0.0,4981.1,Cash,0
951,2024-01-28,65,68,2,18,1,251.85,0.0,251.85,Cash,0
952,2024-07-11,32,197,4,13,1,7039.77,0.0,7039.77,Card,0
953,2024-01-06,80,203,3,1,1,1923.52,0.0,1923.52,Mobile Money,0
954,2024-10-30,30,361,3,16,1,586.88,0.0,586.88,Mobile Money,1
955,2024-07-04,22,25,3,15,1,472.32,0.0,472.32,Card,0
956,2024-06-30,93,244,1,11,1,2417.11,241.71,2175.4,Cash,0
957,2024-09-25,37,377,1,21,1,219.67,0.0,219.67,Cash,0
958,2024-08-14,4,267,4,8,1,698.21,0.0,698.21,Card,1
959,2024-11-29,2,464,4,5,1,5888.27,588.83,5299.44,Mobile Money,0
960,2024-08-27,87,55,2,28,1,4509.35,0.0,4509.35,Card,0
961,2024-03-22,86,85,5,7,1,5296.05,0.0,5296.05,Card,0
962,2024-08-20,36,80,3,14,1,5633.89,0.0,5633.89,Card,1
963,2024-05-14,82,429,2,27,1,5619.19,0.0,5619.19,Card,0
964,2024-11-07,64,170,3,1,1,6129.88,0.0,6129.88,Cash,0
965,2024-12-05,4,374,5,26,1,618.33,0.0,618.33,Cash,1
966,2024-09-14,69,373,5,7,1,4463.46,0.0,4463.46,Card,0
967,2024-01-04,45,163,2,18,1,6762.53,338.13,6424.4,Mobile Money,1
968,2024-02-26,64,20,4,10,1,6535.69,0.0,6535.69,Card,0
969,2024-08-03,22,127,3,14,1,511.77,0.0,511.77,Cash,0
970,2024-03-14,75,355,5,6,1,572.34,0.0,572.34,Cash,0
971,2024-05-12,87,115,1,21,1,3949.93,0.0,3949.93,Mobile Money,0
972,2024-07-29,53,16,1,2,1,6954.75,0.0,6954.75,Card,1
973,2024-04-02,37,377,1,11,1,238.62,0.0,238.62,Cash,0
974,2024-01-03,21,235,2,30,1,1094.79,0.0,1094.79,Cash,0
975,2024-08-10,45,230,2,12,1,6696.73,0.0,6696.73,Card,1
976,2024-08-11,16,400,3,22,1,4473.83,0.0,4473.83,Card,1
977,2024-03-05,18,138,5,7,1,8482.42,0.0,8482.42,Mobile Money,1
978,2024-02-17,82,480,5,25,1,4935.22,0.0,4935.22,Mobile Money,0
979,2024-11-02,8,431,2,18,1,1567.9,0.0,1567.9,Mobile Money,0
980,2024-12-16,64,274,4,10,1,7117.95,0.0,7117.95,Card,0
981,2024-06-19,19,171,1,29,1,2702.68,0.0,2702.68,Card,0
982,2024-05-07,60,38,4,19,2,6657.17,0.0,13314.34,Mobile Money,1
983,2024-04-06,90,352,2,27,1,8134.64,406.73,7727.91,Cash,0
984,2024-03-20,30,70,5,6,1,579.49,0.0,579.49,Cash,1
985,2024-12-23,99,89,2,18,1,5580.63,0.0,5580.63,Card,1
986,2024-08-23,22,181,2,24,1,458.9,0.0,458.9,Cash,0
987,2024-06-16,46,79,4,10,1,1160.44,0.0,1160.44,Card,0
988,2024-07-16,12,138,5,7,1,2342.86,0.0,2342.86,Mobile Money,1
989,2024-08-06,22,170,1,29,1,445.84,0.0,445.84,Card,0
990,2024-11-13,26,282,2,12,1,7729.71,386.49,7343.22,Card,0
991,2024-02-27,1,238,2,18,1,3067.54,0.0,3067.54,Card,0
992,2024-11-05,78,81,5,6,2,8541.93,0.0,17083.85,Cash,0
993,2024-06-30,93,207,5,6,1,2004.31,0.0,2004.31,Card,0
994,2024-12-01,89,286,3,14,1,5385.84,0.0,5385.84,Cash,0
995,2024-07-11,49,140,5,6,1,4428.71,0.0,4428.71,Mobile Money,0
996,2024-09-07,73,284,5,7,2,2446.81,0.0,4893.63,Mobile Money,0
997,2024-02-20,86,308,3,16,1,5653.01,0.0,5653.01,Cash,0
998,2024-10-05,61,109,2,28,1,6291.94,0.0,6291.94,Card,0
999,2024-03-18,64,58,4,9,1,6322.69,0.0,6322.69,Mobile Money,0
1000,2024-09-05,85,306,3,16,1,493.3,0.0,493.3,Card,0
1001,2024-04-01,42,97,2,18,1,2553.31,0.0,2553.31,Cash,1
1002,2024-08-26,36,201,3,16,1,6702.94,0.0,6702.94,Card,1
1003,2024-05-31,91,410,5,7,2,3006.7,0.0,6013.41,Mobile Money,0
1004,2024-05-22,1,299,3,14,1,3416.31,0.0,3416.31,Card,0
1005,2024-06-02,68,38,2,20,1,7299.31,0.0,7299.31,Mobile Money,0
1006,2024-11-13,19,193,5,26,1,2759.35,0.0,2759.35,Card,0
1007,2024-03-02,68,224,5,6,1,6982.84,0.0,6982.84,Mobile Money,0
1008,2024-05-17,81,233,4,17,1,2962.55,0.0,2962.55,Mobile Money,0
1009,2024-09-02,6,469,3,14,1,392.55,0.0,392.55,Mobile Money,0
1010,2024-02-07,86,210,1,11,1,4994.76,0.0,4994.76,Cash,0
1011,2024-06-26,56,227,4,17,2,2661.47,0.0,5322.94,Cash,0
1012,2024-01-27,12,101,4,8,1,2598.86,0.0,2598.86,Cash,1
1013,2024-04-27,85,332,5,25,1,563.48,0.0,563.48,Card,0
1014,2024-05-01,9,452,5,6,2,2336.75,116.84,4556.65,Card,1
1015,2024-04-01,55,181,4,8,1,1880.24,0.0,1880.24,Card,0
1016,2024-03-07,96,440,1,11,1,845.75,0.0,845.75,Mobile Money,0
1017,2024-06-07,17,195,3,22,1,756.5,0.0,756.5,Card,0
1018,2024-03-13,5,453,4,13,1,4632.88,0.0,4632.88,Cash,0
1019,2024-03-14,70,208,3,14,1,3200.15,0.0,3200.15,Cash,0
1020,2024-02-27,72,445,3,15,1,4269.55,0.0,4269.55,Mobile Money,0
1021,2024-12-03,43,489,3,16,1,2369.99,0.0,2369.99,Mobile Money,0
1022,2024-10-02,66,140,3,1,1,3306.57,0.0,3306.57,Card,0
1023,2024-04-05,33,477,1,29,1,2569.06,0.0,2569.06,Mobile Money,1
1024,2024-10-25,57,478,5,7,1,7521.78,0.0,7521.78,Cash,0
1025,2024-02-09,99,118,1,2,1,5550.43,0.0,5550.43,Cash,1
1026,2024-11-14,84,44,3,1,1,2662.76,0.0,2662.76,Cash,1
1027,2024-08-03,77,444,2,20,1,1286.38,0.0,1286.38,Cash,0
1028,2024-10-13,45,347,3,16,1,6837.75,0.0,6837.75,Mobile Money,1
1029,2024-09-30,36,403,2,20,1,5938.14,0.0,5938.14,Card,1
1030,2024-09-08,98,68,5,25,1,2938.18,0.0,2938.18,Card,0
1031,2024-11-14,80,31,3,22,1,2204.61,0.0,2204.61,Mobile Money,0
1032,2024-05-23,93,261,2,24,1,2423.03,0.0,2423.03,Card,0
1033,2024-02-03,1,102,3,22,1,3046.71,152.34,2894.37,Cash,0
1034,2024-11-02,45,245,5,26,1,6974.76,0.0,6974.76,Mobile Money,1
1035,2024-05-03,17,72,2,12,1,651.4,0.0,651.4,Mobile Money,0
1036,2024-05-27,20,89,4,8,1,5709.1,0.0,5709.1,Cash,0
1037,2024-03-09,51,108,2,4,1,413.04,0.0,413.04,Card,1
1038,2024-09-29,35,475,2,4,1,839.51,0.0,839.51,Mobile Money,0
1039,2024-07-31,54,487,4,13,1,3391.48,0.0,3391.48,Card,1
1040,2024-06-05,87,75,5,7,1,3824.14,0.0,3824.14,Cash,0
1041,2024-12-22,80,412,2,23,3,1922.93,192.3,5576.48,Card,0
1042,2024-12-02,45,456,5,7,1,6981.46,0.0,6981.46,Mobile Money,1
1043,2024-05-26,60,47,2,20,2,7830.45,0.0,15660.9,Mobile Money,1
1044,2024-12-15,29,155,3,14,1,920.8,0.0,920.8,Card,0
1045,2024-05-08,20,380,5,26,1,5146.0,0.0,5146.0,Mobile Money,0
1046,2024-05-12,33,494,3,15,1,2226.61,0.0,2226.61,Card,1
1047,2024-11-17,26,93,1,21,1,7664.63,0.0,7664.63,Mobile Money,0
1048,2024-02-12,6,410,1,2,1,368.75,18.44,350.31,Mobile Money,0
1049,2024-11-11,86,221,1,21,1,5159.2,0.0,5159.2,Mobile Money,0
1050,2024-05-06,27,338,4,19,1,6877.86,0.0,6877.86,Card,0
1051,2024-01-20,29,147,5,6,1,909.64,0.0,909.64,Mobile Money,0
1052,2024-03-09,46,409,4,9,1,1086.78,0.0,1086.78,Mobile Money,0
1053,2024-02-07,65,53,1,29,1,247.5,0.0,247.5,Card,0
1054,2024-02-05,55,398,4,19,1,1831.18,0.0,1831.18,Card,0
1055,2024-06-13,50,307,4,19,1,410.36,0.0,410.36,Cash,0
1056,2024-06-22,77,250,5,25,1,1350.95,0.0,1350.95,Card,0
1057,2024-10-04,16,165,1,2,1,4662.48,0.0,4662.48,Card,1
1058,2024-11-17,19,95,1,2,1,2514.14,0.0,2514.14,Mobile Money,0
1059,2024-03-15,64,447,3,14,1,6090.71,0.0,6090.71,Cash,0
1060,2024-04-27,55,260,5,26,1,2000.14,0.0,2000.14,Card,0
1061,2024-10-02,50,299,1,2,1,418.57,0.0,418.57,Mobile Money,0
1062,2024-02-16,59,34,1,21,1,6915.32,691.53,6223.79,Card,0
1063,2024-09-07,25,229,3,14,1,4326.74,0.0,4326.74,Mobile Money,0
1064,2024-07-12,57,325,2,4,1,7177.85,0.0,7177.85,Mobile Money,0
1065,2024-04-23,20,162,5,25,1,5119.99,0.0,5119.99,Mobile Money,0
1066,2024-08-26,71,226,5,6,1,7011.35,0.0,7011.35,Cash,0
1067,2024-04-18,100,331,3,16,1,7615.8,0.0,7615.8,Mobile Money,0
1068,2024-01-01,38,446,5,7,1,6240.88,624.09,5616.79,Card,0
1069,2024-10-19,97,308,2,27,1,7266.58,0.0,7266.58,Card,0
1070,2024-10-29,60,42,4,19,1,7020.1,0.0,7020.1,Mobile Money,1
1071,2024-11-10,69,273,2,18,1,4603.57,0.0,4603.57,Mobile Money,0
1072,2024-07-18,28,135,4,9,1,4618.99,0.0,4618.99,Mobile Money,0
1073,2024-03-19,72,55,2,4,1,4464.55,0.0,4464.55,Cash,0
1074,2024-12-14,2,453,3,1,1,5484.65,274.23,5210.42,Mobile Money,0
1075,2024-08-08,9,315,1,29,1,2607.62,0.0,2607.62,Cash,1
1076,2024-02-21,12,193,3,14,1,2324.19,0.0,2324.19,Mobile Money,1
1077,2024-06-11,27,274,2,27,1,7015.27,0.0,7015.27,Card,0
1078,2024-05-04,9,397,2,4,1,2641.26,0.0,2641.26,Cash,1
1079,2024-05-22,66,91,5,26,1,3155.12,157.76,2997.36,Mobile Money,0
1080,2024-01-07,96,249,5,6,2,895.43,0.0,1790.87,Mobile Money,0
1081,2024-06-07,94,268,3,15,2,6730.18,0.0,13460.35,Mobile Money,1
1082,2024-03-16,64,457,4,8,1,6409.87,0.0,6409.87,Mobile Money,0
1083,2024-04-27,51,479,4,9,1,484.61,0.0,484.61,Card,1
1084,2024-01-08,88,395,5,25,1,4898.62,0.0,4898.62,Cash,0
1085,2024-05-04,60,34,3,16,1,6734.21,0.0,6734.21,Mobile Money,1
1086,2024-01-10,33,389,3,22,3,2596.1,0.0,7788.31,Cash,1
1087,2024-12-29,6,398,5,6,1,330.47,0.0,330.47,Cash,0
1088,2024-11-15,33,368,1,2,1,2619.98,0.0,2619.98,Mobile Money,1
1089,2024-04-17,93,350,4,9,1,2146.19,0.0,2146.19,Mobile Money,0
1090,2024-02-28,51,240,2,24,1,466.18,0.0,466.18,Cash,1
1091,2024-05-13,48,353,3,16,1,5940.86,297.04,5643.82,Cash,0
1092,2024-08-28,3,332,5,26,1,1530.4,0.0,1530.4,Cash,1
1093,2024-11-05,8,361,3,16,1,1615.69,0.0,1615.69,Card,0
1094,2024-06-27,85,327,1,2,2,482.59,0.0,965.17,Card,0
1095,2024-01-25,13,284,4,10,1,3731.36,0.0,3731.36,Card,0
1096,2024-03-10,14,395,1,11,2,1675.94,0.0,3351.88,Cash,0
1097,2024-04-29,14,268,3,1,1,1918.34,0.0,1918.34,Card,0
1098,2024-11-04,35,65,5,25,1,721.46,36.07,685.39,Mobile Money,0
1099,2024-10-19,19,130,5,6,2,2798.26,0.0,5596.52,Cash,0
1100,2024-03-12,95,445,4,13,1,4620.57,0.0,4620.57,Card,0
1101,2024-05-02,38,230,3,22,1,5749.58,0.0,5749.58,Mobile Money,0
1102,2024-05-28,78,359,4,13,3,8062.52,0.0,24187.56,Mobile Money,0
1103,2024-09-29,78,408,1,21,1,7459.76,0.0,7459.76,Card,0
1104,2024-12-20,64,248,1,29,1,6989.42,349.47,6639.95,Mobile Money,0
1105,2024-12-20,63,282,5,25,1,1782.14,0.0,1782.14,Mobile Money,0
1106,2024-05-20,67,17,5,6,1,1210.88,0.0,1210.88,Cash,0
1107,2024-09-24,12,185,5,6,1,2326.39,0.0,2326.39,Mobile Money,1
1108,2024-08-23,56,389,5,26,1,2238.59,0.0,2238.59,Cash,0
1109,2024-11-17,46,405,3,14,1,1233.82,0.0,1233.82,Mobile Money,0
1110,2024-04-26,39,209,2,18,1,5704.57,0.0,5704.57,Cash,0
1111,2024-12-25,25,6,1,11,1,4184.28,0.0,4184.28,Mobile Money,0
1112,2024-07-30,91,307,5,6,1,3090.04,0.0,3090.04,Card,0
1113,2024-04-24,33,110,4,17,1,2554.94,0.0,2554.94,Mobile Money,1
1114,2024-08-23,1,224,3,15,1,3322.89,0.0,3322.89,Card,0
1115,2024-05-28,58,300,4,8,1,5534.71,0.0,5534.71,Mobile Money,0
1116,2024-11-20,19,334,5,6,1,2700.77,0.0,2700.77,Card,0
1117,2024-08-03,38,4,5,25,1,5609.82,0.0,5609.82,Card,0
1118,2024-10-12,72,69,5,7,1,3940.87,0.0,3940.87,Cash,0
1119,2024-11-14,96,93,4,19,1,992.81,0.0,992.81,Card,0
1120,2024-05-18,70,55,5,25,1,3243.0,0.0,3243.0,Mobile Money,0
1121,2024-07-02,5,300,1,21,1,4948.99,0.0,4948.99,Card,0
1122,2024-05-20,66,160,4,19,1,3298.95,0.0,3298.95,Mobile Money,0
1123,2024-04-25,41,325,3,16,1,6874.28,0.0,6874.28,Card,0
1124,2024-05-28,34,207,3,22,3,1282.82,128.28,3720.18,Mobile Money,0
1125,2024-07-18,96,212,4,8,1,1017.97,0.0,1017.97,Mobile Money,0
1126,2024-06-10,64,295,4,13,1,6323.2,0.0,6323.2,Mobile Money,0
1127,2024-03-26,16,336,4,9,1,5362.62,0.0,5362.62,Mobile Money,1
1128,2024-12-12,30,46,4,5,1,581.95,0.0,581.95,Mobile Money,1
1129,2024-11-15,22,409,5,26,1,473.29,0.0,473.29,Card,0
1130,2024-10-13,80,449,4,17,1,2141.72,0.0,2141.72,Mobile Money,0
1131,2024-06-14,7,205,1,11,1,7271.56,0.0,7271.56,Card,0
1132,2024-08-22,66,345,1,2,1,3123.8,0.0,3123.8,Cash,0
1133,2024-11-14,16,258,5,25,2,5082.45,0.0,10164.9,Cash,1
1134,2024-05-19,50,91,2,30,1,407.35,0.0,407.35,Card,0
1135,2024-03-03,54,181,4,10,1,3163.12,0.0,3163.12,Mobile Money,1
1136,2024-11-22,48,393,4,17,1,5886.18,0.0,5886.18,Card,0
1137,2024-07-14,93,287,1,29,1,2336.91,0.0,2336.91,Cash,0
1138,2024-02-18,17,319,5,7,1,717.92,0.0,717.92,Card,0
1139,2024-05-24,13,59,2,28,2,3985.0,0.0,7970.0,Card,0
1140,2024-12-07,18,205,5,7,1,7819.43,0.0,7819.43,Mobile Money,1
1141,2024-07-21,63,307,3,22,1,2095.45,0.0,2095.45,Cash,0
1142,2024-11-20,56,159,4,9,1,2623.58,0.0,2623.58,Mobile Money,0
1143,2024-10-27,3,390,1,21,1,1396.3,0.0,1396.3,Mobile Money,1
1144,2024-07-15,86,102,3,16,1,4986.82,0.0,4986.82,Card,0
1145,2024-09-25,98,128,3,16,1,3057.72,305.77,2751.95,Card,0
1146,2024-02-12,18,46,2,30,1,7387.01,0.0,7387.01,Card,1
1147,2024-02-08,98,236,5,6,1,2635.0,131.75,2503.25,Card,0
1148,2024-10-02,44,181,2,4,1,5502.12,0.0,5502.12,Mobile Money,0
1149,2024-07-21,36,269,5,7,1,6822.86,0.0,6822.86,Mobile Money,1
1150,2024-06-22,15,76,3,14,1,5098.67,0.0,5098.67,Card,0
1151,2024-09-13,56,223,1,2,1,2538.96,0.0,2538.96,Card,0
1152,2024-05-11,16,37,2,4,1,5271.53,0.0,5271.53,Cash,1
1153,2024-08-22,36,95,1,29,1,6334.24,0.0,6334.24,Mobile Money,1
1154,2024-04-07,23,267,2,18,1,2125.71,0.0,2125.71,Mobile Money,0
1155,2024-08-10,92,81,4,13,2,7829.33,0.0,15658.66,Mobile Money,0
1156,2024-06-24,19,225,1,21,1,2678.42,0.0,2678.42,Card,0
1157,2024-06-27,85,3,3,22,1,536.4,0.0,536.4,Card,0
1158,2024-09-14,58,444,3,1,1,4837.82,0.0,4837.82,Card,0
1159,2024-06-06,39,234,5,25,1,6594.56,0.0,6594.56,Cash,0
1160,2024-01-16,8,455,2,20,1,1631.79,0.0,1631.79,Card,0
1161,2024-12-01,29,207,4,10,1,963.87,96.39,867.48,Cash,0
1162,2024-03-26,69,224,2,20,1,4591.92,0.0,4591.92,Card,0
1163,2024-01-17,82,137,3,22,1,4671.51,0.0,4671.51,Mobile Money,0
1164,2024-01-20,32,176,2,24,1,6457.74,0.0,6457.74,Cash,0
1165,2024-01-07,49,222,5,6,1,4664.59,0.0,4664.59,Card,0
1166,2024-11-05,38,371,2,23,1,5143.03,257.15,4885.88,Card,0
1167,2024-09-13,93,17,5,6,1,2065.19,0.0,2065.19,Mobile Money,0
1168,2024-09-03,86,45,2,3,1,5268.96,0.0,5268.96,Card,0
1169,2024-07-08,77,358,4,17,1,1334.07,0.0,1334.07,Mobile Money,0
1170,2024-03-08,91,17,5,26,1,2662.15,266.22,2395.93,Card,0
1171,2024-05-09,40,26,5,6,1,3101.02,0.0,3101.02,Cash,0
1172,2024-10-01,93,369,5,26,2,2287.68,0.0,4575.36,Cash,0
1173,2024-12-15,46,481,2,4,1,1218.93,60.95,1157.98,Mobile Money,0
1174,2024-05-06,44,321,2,23,3,6196.91,0.0,18590.73,Card,0
1175,2024-12-18,100,7,4,8,1,7722.66,0.0,7722.66,Mobile Money,0
1176,2024-11-12,58,152,5,26,2,5486.39,0.0,10972.78,Mobile Money,0
1177,2024-03-16,71,257,2,23,1,7674.7,383.73,7290.97,Card,0
1178,2024-10-11,53,277,4,8,1,6670.09,0.0,6670.09,Cash,1
1179,2024-08-21,81,175,1,29,2,2996.65,0.0,5993.3,Cash,0
1180,2024-05-07,35,262,3,22,1,725.66,0.0,725.66,Mobile Money,0
1181,2024-03-26,71,253,3,1,3,7227.11,0.0,21681.33,Mobile Money,0
1182,2024-08-07,57,93,1,21,1,6962.61,0.0,6962.61,Mobile Money,0
1183,2024-10-30,60,354,4,9,1,6652.81,0.0,6652.81,Cash,1
1184,2024-03-15,65,311,1,2,1,252.63,0.0,252.63,Cash,0
1185,2024-09-09,14,427,1,11,1,1711.45,85.57,1625.88,Cash,0
1186,2024-09-01,11,287,1,21,1,4680.03,0.0,4680.03,Mobile Money,0
1187,2024-09-06,70,228,1,29,1,3160.05,0.0,3160.05,Mobile Money,0
1188,2024-09-08,18,266,1,21,3,7759.26,775.93,22501.85,Cash,1
1189,2024-10-27,76,66,5,7,1,7535.62,0.0,7535.62,Mobile Money,0
1190,2024-07-09,71,184,1,2,1,7854.6,0.0,7854.6,Cash,0
1191,2024-02-10,20,192,3,15,1,5673.42,0.0,5673.42,Cash,0
1192,2024-09-02,85,285,2,4,1,487.17,0.0,487.17,Cash,0
1193,2024-02-02,69,440,1,21,1,4200.16,0.0,4200.16,Card,0
1194,2024-10-14,27,343,4,19,1,7967.54,0.0,7967.54,Card,0
1195,2024-04-13,30,232,2,20,1,555.94,0.0,555.94,Mobile Money,1
1196,2024-01-31,23,161,1,2,1,2115.57,0.0,2115.57,Card,0
1197,2024-12-01,72,110,3,14,1,4415.11,0.0,4415.11,Cash,0
1198,2024-07-23,44,96,3,16,1,6315.9,0.0,6315.9,Mobile Money,0
1199,2024-07-05,37,276,2,23,1,251.04,0.0,251.04,Cash,0
1200,2024-04-25,72,174,3,1,1,3829.84,0.0,3829.84,Cash,0
1201,2024-03-28,46,145,5,6,1,1091.67,0.0,1091.67,Mobile Money,0
1202,2024-03-03,56,479,1,29,1,2291.69,0.0,2291.69,Cash,0
1203,2024-05-20,46,86,1,11,1,1200.08,0.0,1200.08,Card,0
1204,2024-06-16,13,303,5,7,1,3979.59,397.96,3581.63,Mobile Money,0
1205,2024-08-15,3,437,4,5,1,1339.61,0.0,1339.61,Card,1
1206,2024-09-23,11,155,4,13,1,5140.1,0.0,5140.1,Card,0
1207,2024-06-17,94,228,1,21,1,6867.57,0.0,6867.57,Mobile Money,1
1208,2024-09-30,41,140,2,28,1,7445.42,0.0,7445.42,Cash,0
1209,2024-08-07,11,492,1,11,1,4740.05,0.0,4740.05,Card,0
1210,2024-03-06,28,200,3,15,1,5045.47,0.0,5045.47,Card,0
1211,2024-10-21,10,104,3,1,1,3831.4,0.0,3831.4,Card,0
1212,2024-09-30,42,325,3,16,1,2935.0,0.0,2935.0,Mobile Money,1
1213,2024-01-31,5,458,4,19,1,4614.46,0.0,4614.46,Cash,0
1214,2024-02-06,18,2,4,5,1,7162.24,358.11,6804.13,Cash,1
1215,2024-11-13,60,205,1,2,1,6857.47,0.0,6857.47,Mobile Money,1
1216,2024-06-12,78,221,3,15,1,7696.23,384.81,7311.42,Mobile Money,0
1217,2024-07-04,32,444,2,24,3,6656.49,0.0,19969.46,Cash,0
1218,2024-10-07,81,124,2,20,1,2872.46,0.0,2872.46,Mobile Money,0
1219,2024-05-14,48,109,5,25,1,6027.81,0.0,6027.81,Mobile Money,0
1220,2024-01-20,14,19,5,7,1,1606.59,80.33,1526.26,Mobile Money,0
1221,2024-05-28,98,54,1,2,1,3111.36,0.0,3111.36,Cash,0
1222,2024-05-27,21,341,3,15,1,1116.25,0.0,1116.25,Cash,0
1223,2024-02-28,56,207,3,15,1,2410.5,0.0,2410.5,Card,0
1224,2024-01-06,44,347,3,15,1,6386.56,0.0,6386.56,Cash,0
1225,2024-10-06,13,154,1,29,1,3595.32,0.0,3595.32,Cash,0
1226,2024-03-14,97,497,4,5,1,7000.57,700.06,6300.51,Card,0
1227,2024-07-13,89,373,2,28,1,5789.44,0.0,5789.44,Card,0
1228,2024-08-23,5,313,4,5,1,4754.67,0.0,4754.67,Cash,0
1229,2024-01-27,82,392,3,22,1,5362.89,0.0,5362.89,Mobile Money,0
1230,2024-11-13,86,316,5,25,1,5143.1,0.0,5143.1,Card,0
1231,2024-03-30,94,223,3,1,1,6300.88,0.0,6300.88,Cash,1
1232,2024-12-01,35,393,4,19,1,851.29,0.0,851.29,Cash,0
1233,2024-09-26,9,262,3,1,1,2473.24,0.0,2473.24,Card,1
1234,2024-04-18,14,445,1,11,1,1843.42,0.0,1843.42,Mobile Money,0
1235,2024-06-26,95,54,3,15,1,3985.47,199.27,3786.2,Mobile Money,0
1236,2024-06-24,15,328,3,14,1,5051.64,0.0,5051.64,Cash,0
1237,2024-01-15,75,70,1,29,1,648.72,0.0,648.72,Card,0
1238,2024-02-01,44,15,2,27,1,6117.0,0.0,6117.0,Card,0
1239,2024-12-15,67,381,3,1,1,1061.04,0.0,1061.04,Card,0
1240,2024-01-15,23,259,2,27,1,2118.61,0.0,2118.61,Mobile Money,0
1241,2024-10-19,76,421,1,2,1,7225.66,0.0,7225.66,Mobile Money,0
1242,2024-09-10,89,490,4,13,1,6144.78,0.0,6144.78,Mobile Money,0
1243,2024-07-07,70,170,2,20,2,2905.84,0.0,5811.68,Card,0
1244,2024-12-27,96,194,5,26,1,865.63,0.0,865.63,Cash,0
1245,2024-05-29,56,381,4,9,1,2321.62,0.0,2321.62,Mobile Money,0
1246,2024-03-28,48,450,4,13,1,5639.46,0.0,5639.46,Card,0
1247,2024-02-21,65,453,1,2,3,243.52,0.0,730.55,Card,0
1248,2024-04-11,17,309,1,29,1,734.73,0.0,734.73,Cash,0
1249,2024-09-22,59,303,2,18,1,6288.98,0.0,6288.98,Cash,0
1250,2024-01-27,54,160,4,8,2,3147.03,0.0,6294.06,Card,1
1251,2024-02-21,88,314,3,1,2,5725.37,0.0,11450.75,Cash,0
1252,2024-11-10,34,342,5,26,1,1417.56,0.0,1417.56,Mobile Money,0
1253,2024-03-29,79,103,2,28,1,5094.39,0.0,5094.39,Card,0
1254,2024-08-14,7,368,4,17,1,6256.68,0.0,6256.68,Mobile Money,0
1255,2024-03-25,24,219,5,7,1,2375.24,0.0,2375.24,Card,0
1256,2024-04-23,20,51,4,19,1,5526.67,0.0,5526.67,Mobile Money,0
1257,2024-01-30,65,496,3,1,1,239.52,0.0,239.52,Cash,0
1258,2024-06-04,68,124,3,14,1,6806.21,0.0,6806.21,Cash,0
1259,2024-07-27,43,149,3,1,1,2573.46,0.0,2573.46,Mobile Money,0
1260,2024-04-08,23,46,2,23,1,2140.18,0.0,2140.18,Card,0
1261,2024-07-30,58,91,5,25,1,4901.66,0.0,4901.66,Card,0
1262,2024-07-22,8,256,5,26,1,1641.77,0.0,1641.77,Mobile Money,0
1263,2024-10-06,15,330,1,29,1,4983.37,0.0,4983.37,Mobile Money,0
1264,2024-07-04,99,154,2,20,1,5765.74,0.0,5765.74,Cash,1
1265,2024-11-22,6,32,3,16,1,354.83,0.0,354.83,Cash,0
1266,2024-06-21,39,463,1,21,1,6538.73,0.0,6538.73,Mobile Money,0
1267,2024-08-26,94,138,3,15,1,6261.63,313.08,5948.55,Mobile Money,1
1268,2024-12-11,68,480,3,1,1,8291.03,0.0,8291.03,Card,0
1269,2024-12-16,57,192,1,21,1,7259.29,0.0,7259.29,Card,0
1270,2024-01-05,40,498,4,9,1,3203.99,0.0,3203.99,Mobile Money,0
1271,2024-08-04,2,275,3,16,1,5404.43,0.0,5404.43,Card,0
1272,2024-11-29,47,406,3,1,1,6441.12,322.06,6119.06,Cash,0
1273,2024-04-16,93,477,3,15,1,2055.46,0.0,2055.46,Card,0
1274,2024-08-13,72,252,1,2,1,4446.05,0.0,4446.05,Mobile Money,0
1275,2024-08-02,27,428,4,13,1,6949.61,347.48,6602.13,Cash,0
1276,2024-06-16,28,265,5,6,1,4947.05,247.35,4699.7,Cash,0
1277,2024-10-28,38,14,4,8,2,5859.03,0.0,11718.06,Cash,0
1278,2024-10-18,68,194,4,5,2,7302.9,0.0,14605.8,Card,0
1279,2024-01-04,4,480,5,6,2,592.35,0.0,1184.7,Card,1
1280,2024-07-01,14,414,2,28,1,1900.14,0.0,1900.14,Cash,0
1281,2024-02-02,52,408,1,2,1,2740.56,0.0,2740.56,Cash,0
1282,2024-05-20,65,384,2,12,1,249.32,12.47,236.85,Card,0
1283,2024-03-26,93,5,2,27,1,2027.14,0.0,2027.14,Card,0
1284,2024-10-21,57,111,4,5,1,7683.38,0.0,7683.38,Cash,0
1285,2024-12-04,18,497,3,14,1,7269.74,0.0,7269.74,Card,1
1286,2024-09-22,96,250,3,14,1,951.55,0.0,951.55,Card,0
1287,2024-09-21,16,259,2,30,1,5267.59,0.0,5267.59,Card,1
1288,2024-01-23,46,29,4,13,1,1198.39,0.0,1198.39,Card,0
1289,2024-11-30,36,342,2,3,1,6231.0,0.0,6231.0,Mobile Money,1
1290,2024-09-23,80,70,4,19,1,2134.72,0.0,2134.72,Mobile Money,0
1291,2024-09-15,22,482,1,2,1,484.55,0.0,484.55,Mobile Money,0
1292,2024-12-22,24,232,3,15,3,2431.01,0.0,7293.03,Cash,0
1293,2024-11-03,79,49,2,30,1,5833.97,0.0,5833.97,Card,0
1294,2024-07-19,62,481,5,6,1,2681.32,0.0,2681.32,Mobile Money,0
1295,2024-07-02,81,353,5,26,2,3247.61,0.0,6495.22,Card,0
1296,2024-02-18,85,25,4,8,2,488.26,0.0,976.51,Mobile Money,0
1297,2024-09-17,88,19,4,10,1,5059.84,0.0,5059.84,Cash,0
1298,2024-07-10,17,498,4,8,1,776.99,0.0,776.99,Cash,0
1299,2024-11-15,24,323,5,26,1,2507.25,0.0,2507.25,Mobile Money,0
1300,2024-04-02,2,317,2,12,1,5906.34,0.0,5906.34,Cash,0
1301,2024-05-14,51,134,1,29,1,481.45,0.0,481.45,Card,1
1302,2024-04-04,74,347,3,1,1,5281.44,0.0,5281.44,Card,0
1303,2024-08-31,45,194,3,1,3,6573.09,0.0,19719.28,Cash,1
1304,2024-12-10,54,48,1,21,1,3539.31,176.97,3362.34,Card,1
1305,2024-06-09,70,152,1,11,1,2907.67,0.0,2907.67,Mobile Money,0
1306,2024-10-06,31,485,2,27,1,3187.37,0.0,3187.37,Mobile Money,0
1307,2024-10-24,88,72,3,16,1,4719.65,0.0,4719.65,Mobile Money,0
1308,2024-08-27,10,392,4,9,1,3259.1,0.0,3259.1,Card,0
1309,2024-08-26,37,311,4,19,1,238.08,0.0,238.08,Mobile Money,0
1310,2024-12-22,61,10,5,6,1,6715.03,0.0,6715.03,Cash,0
1311,2024-09-08,96,134,4,5,1,915.42,0.0,915.42,Mobile Money,0
1312,2024-12-18,97,134,4,9,1,7422.96,0.0,7422.96,Card,0
1313,2024-07-15,53,496,1,29,2,7830.57,0.0,15661.13,Card,1
1314,2024-10-21,16,357,4,19,1,5202.08,0.0,5202.08,Mobile Money,1
1315,2024-01-31,25,356,1,11,1,4137.91,0.0,4137.91,Cash,0
1316,2024-05-11,3,347,4,5,1,1391.94,0.0,1391.94,Cash,1
1317,2024-11-25,64,67,4,17,1,6986.92,0.0,6986.92,Cash,0
1318,2024-03-04,71,130,2,30,1,7319.06,0.0,7319.06,Card,0
1319,2024-07-19,77,47,5,25,1,1332.51,0.0,1332.51,Cash,0
1320,2024-09-02,21,499,5,6,1,1068.48,0.0,1068.48,Card,0
1321,2024-08-22,97,487,2,20,1,7461.13,0.0,7461.13,Mobile Money,0
1322,2024-02-14,77,345,5,26,1,1211.87,0.0,1211.87,Mobile Money,0
1323,2024-11-24,28,188,2,28,1,5263.03,0.0,5263.03,Card,0
1324,2024-11-22,49,112,5,26,1,4184.11,0.0,4184.11,Card,0
1325,2024-07-25,83,84,1,21,1,931.12,0.0,931.12,Mobile Money,1
1326,2024-03-27,40,241,5,6,1,3061.04,0.0,3061.04,Mobile Money,0
1327,2024-03-09,21,81,5,6,1,1246.1,62.3,1183.8,Card,0
1328,2024-12-19,42,163,1,29,1,2555.21,0.0,2555.21,Mobile Money,1
1329,2024-03-28,40,287,5,7,1,3204.03,0.0,3204.03,Mobile Money,0
1330,2024-04-01,15,261,1,11,2,4431.66,0.0,8863.31,Cash,0
1331,2024-07-02,21,51,3,22,1,1070.27,0.0,1070.27,Cash,0
1332,2024-04-30,87,271,2,3,1,3838.38,0.0,3838.38,Mobile Money,0
1333,2024-05-22,99,170,5,6,1,6189.75,0.0,6189.75,Mobile Money,1
1334,2024-03-06,26,388,5,7,3,8165.06,0.0,24495.17,Cash,0
1335,2024-06-09,75,347,4,9,1,573.25,0.0,573.25,Mobile Money,0
1336,2024-11-01,3,279,2,28,1,1283.31,0.0,1283.31,Card,1
1337,2024-03-18,12,405,1,11,1,2584.2,0.0,2584.2,Mobile Money,1
1338,2024-11-05,22,323,4,9,1,461.88,0.0,461.88,Mobile Money,0
1339,2024-08-02,92,230,2,23,1,8133.82,813.38,7320.44,Card,0
1340,2024-04-10,95,174,2,24,1,4428.0,0.0,4428.0,Cash,0
1341,2024-12-01,59,433,5,6,1,5990.51,0.0,5990.51,Mobile Money,0
1342,2024-01-07,64,230,3,16,1,6445.94,0.0,6445.94,Cash,0
1343,2024-08-27,85,25,4,13,1,488.23,24.41,463.82,Cash,0
1344,2024-12-18,79,66,4,9,2,5386.04,0.0,10772.08,Mobile Money,0
1345,2024-04-09,7,479,2,18,1,6942.51,347.13,6595.38,Mobile Money,0
1346,2024-04-03,46,113,2,12,1,1143.8,0.0,1143.8,Cash,0
1347,2024-04-16,30,387,4,10,1,541.06,0.0,541.06,Mobile Money,1
1348,2024-02-23,46,31,5,26,1,1172.67,0.0,1172.67,Mobile Money,0
1349,2024-06-26,81,364,5,6,1,3133.48,0.0,3133.48,Cash,0
1350,2024-10-08,69,54,1,11,3,4041.21,0.0,12123.62,Cash,0
1351,2024-03-02,58,114,2,12,1,5471.87,0.0,5471.87,Card,0
1352,2024-12-08,12,369,2,27,1,2343.66,0.0,2343.66,Mobile Money,1
1353,2024-01-17,19,355,1,21,1,2406.56,0.0,2406.56,Card,0
1354,2024-09-30,16,479,4,9,1,5196.13,0.0,5196.13,Cash,1
1355,2024-10-28,24,433,2,4,1,2480.23,0.0,2480.23,Mobile Money,0
1356,2024-03-07,54,238,4,9,1,3517.48,0.0,3517.48,Cash,1
1357,2024-12-10,70,391,3,22,1,2792.87,0.0,2792.87,Mobile Money,0
1358,2024-07-27,30,438,3,16,1,530.82,0.0,530.82,Mobile Money,1
1359,2024-09-20,68,211,1,21,1,7389.28,0.0,7389.28,Card,0
1360,2024-09-07,69,107,4,5,1,4443.46,0.0,4443.46,Cash,0
1361,2024-07-05,76,254,4,10,1,7470.51,0.0,7470.51,Mobile Money,0
1362,2024-11-26,85,489,2,24,1,567.49,0.0,567.49,Card,0
1363,2024-08-06,50,165,1,2,1,411.79,0.0,411.79,Cash,0
1364,2024-05-14,36,264,5,26,1,6453.5,0.0,6453.5,Card,1
1365,2024-10-16,6,456,1,29,1,333.57,0.0,333.57,Cash,0
1366,2024-07-04,20,275,2,20,1,5554.03,0.0,5554.03,Mobile Money,0
1367,2024-12-10,9,256,5,26,1,2367.24,0.0,2367.24,Card,1
1368,2024-02-10,15,264,1,2,1,4758.47,0.0,4758.47,Card,0
1369,2024-07-02,83,98,4,19,1,860.99,0.0,860.99,Mobile Money,1
1370,2024-09-30,92,373,1,21,1,7279.48,0.0,7279.48,Cash,0
1371,2024-03-15,70,329,1,21,1,2845.61,0.0,2845.61,Mobile Money,0
1372,2024-05-06,64,486,5,25,1,7187.01,718.7,6468.31,Card,0
1373,2024-05-06,13,24,4,17,1,3835.73,0.0,3835.73,Mobile Money,0
1374,2024-07-16,39,427,1,29,1,5823.38,0.0,5823.38,Card,0
1375,2024-03-07,34,373,4,5,1,1243.47,0.0,1243.47,Mobile Money,0
1376,2024-03-03,99,436,4,19,1,6386.3,0.0,6386.3,Cash,1
1377,2024-09-01,73,375,1,11,1,2323.66,0.0,2323.66,Card,0
1378,2024-08-01,86,485,1,11,1,5936.79,0.0,5936.79,Card,0
1379,2024-08-25,68,318,5,25,1,7496.47,0.0,7496.47,Cash,0
1380,2024-08-26,79,297,2,4,1,5287.3,0.0,5287.3,Mobile Money,0
1381,2024-04-30,58,278,2,24,1,5140.75,0.0,5140.75,Cash,0
1382,2024-11-26,84,24,2,30,1,2493.99,124.7,2369.29,Mobile Money,1
1383,2024-07-08,51,328,3,16,1,445.9,0.0,445.9,Cash,1
1384,2024-12-20,83,370,2,20,1,900.17,0.0,900.17,Cash,1
1385,2024-04-08,2,252,5,26,1,6188.66,0.0,6188.66,Card,0
1386,2024-05-29,47,280,3,15,1,6241.15,0.0,6241.15,Card,0
1387,2024-06-01,89,386,2,30,1,5209.85,0.0,5209.85,Mobile Money,0
1388,2024-07-26,27,435,3,22,1,8241.54,0.0,8241.54,Cash,0
1389,2024-12-06,7,323,3,16,1,6495.57,324.78,6170.79,Mobile Money,0
1390,2024-01-31,37,77,4,10,1,227.38,0.0,227.38,Cash,0
1391,2024-02-24,38,439,5,25,1,6217.19,310.86,5906.33,Cash,0
1392,2024-04-27,59,491,2,18,1,6035.97,0.0,6035.97,Card,0
1393,2024-10-17,74,402,2,28,1,4907.17,0.0,4907.17,Cash,0
1394,2024-12-02,77,260,2,4,1,1251.95,0.0,1251.95,Card,0
1395,2024-04-22,40,179,3,22,1,2989.04,0.0,2989.04,Card,0
1396,2024-08-08,58,478,3,14,1,5231.98,261.6,4970.38,Cash,0
1397,2024-11-26,96,189,3,22,1,955.95,0.0,955.95,Cash,0
1398,2024-12-14,39,212,2,12,2,5648.55,282.43,11014.67,Mobile Money,0
1399,2024-08-28,71,122,4,10,3,8088.26,0.0,24264.78,Mobile Money,0
1400,2024-08-16,46,393,2,28,1,1132.36,0.0,1132.36,Mobile Money,0
1401,2024-01-31,11,207,1,2,1,4811.93,0.0,4811.93,Card,0
1402,2024-02-19,81,464,3,16,1,2995.21,0.0,2995.21,Card,0
1403,2024-03-25,65,26,1,11,1,277.71,0.0,277.71,Card,0
1404,2024-10-25,41,366,3,15,1,6819.08,681.91,6137.17,Card,0
1405,2024-04-06,5,139,4,13,1,4719.18,0.0,4719.18,Card,0
1406,2024-09-22,5,49,5,26,2,4812.88,0.0,9625.76,Card,0
1407,2024-12-17,98,230,4,9,1,3029.79,151.49,2878.3,Cash,0
1408,2024-04-12,98,108,4,5,1,2718.73,0.0,2718.73,Mobile Money,0
1409,2024-08-22,99,421,5,25,1,6394.81,0.0,6394.81,Mobile Money,1
1410,2024-03-12,32,309,2,12,2,7259.49,0.0,14518.98,Mobile Money,0
1411,2024-02-10,42,385,4,19,1,2876.05,0.0,2876.05,Cash,1
1412,2024-09-14,79,401,2,4,3,5497.87,0.0,16493.6,Mobile Money,0
1413,2024-07-18,85,105,4,10,1,549.3,0.0,549.3,Card,0
1414,2024-11-04,53,213,4,8,1,7601.16,0.0,7601.16,Cash,1
1415,2024-01-22,62,349,1,21,1,2623.55,0.0,2623.55,Cash,0
1416,2024-05-14,78,473,1,2,1,7304.77,0.0,7304.77,Mobile Money,0
1417,2024-12-23,88,327,3,14,1,4930.41,0.0,4930.41,Card,0
1418,2024-08-07,96,213,2,27,1,993.21,0.0,993.21,Mobile Money,0
1419,2024-02-15,2,54,3,14,3,5655.96,0.0,16967.88,Cash,0
1420,2024-01-21,79,12,2,27,1,5138.43,0.0,5138.43,Mobile Money,0
1421,2024-05-03,19,9,4,17,1,2810.42,0.0,2810.42,Cash,0
1422,2024-04-25,1,344,1,2,1,3158.38,0.0,3158.38,Cash,0
1423,2024-02-16,75,348,2,4,1,585.79,0.0,585.79,Cash,0
1424,2024-12-15,87,45,3,15,1,4099.25,0.0,4099.25,Card,0
1425,2024-11-27,81,42,5,7,1,3261.1,0.0,3261.1,Card,0
1426,2024-01-10,81,273,3,14,1,3236.51,0.0,3236.51,Mobile Money,0
1427,2024-10-12,82,464,5,25,1,5599.09,0.0,5599.09,Mobile Money,0
1428,2024-09-06,43,85,5,25,1,2858.2,142.91,2715.29,Mobile Money,0
1429,2024-03-21,51,284,4,8,1,483.42,0.0,483.42,Card,1
1430,2024-12-11,76,423,3,22,1,7321.49,0.0,7321.49,Mobile Money,0
1431,2024-03-27,10,119,4,5,1,3481.21,0.0,3481.21,Card,0
1432,2024-08-11,81,412,3,15,1,3043.22,0.0,3043.22,Cash,0
1433,2024-12-25,58,137,4,13,1,5123.83,0.0,5123.83,Cash,0
1434,2024-01-09,93,375,3,16,1,2083.87,104.19,1979.68,Card,0
1435,2024-09-14,32,85,5,25,1,6994.21,0.0,6994.21,Card,0
1436,2024-11-24,40,18,5,26,1,3085.47,154.27,2931.2,Cash,0
1437,2024-07-10,39,496,1,2,2,6409.79,0.0,12819.58,Card,0
1438,2024-09-25,71,420,4,19,1,7905.19,0.0,7905.19,Cash,0
1439,2024-11-19,4,34,2,12,2,662.41,0.0,1324.83,Mobile Money,1
1440,2024-01-12,49,57,5,7,1,4668.31,0.0,4668.31,Cash,0
1441,2024-09-29,91,117,1,11,1,2825.49,0.0,2825.49,Cash,0
1442,2024-03-07,79,33,4,13,1,5982.7,0.0,5982.7,Mobile Money,0
1443,2024-05-04,9,13,1,29,1,2806.66,0.0,2806.66,Card,1
1444,2024-02-03,88,137,5,7,1,5302.27,265.11,5037.16,Mobile Money,0
1445,2024-04-28,90,335,3,16,1,8074.63,0.0,8074.63,Cash,0
1446,2024-05-27,55,85,2,18,1,2127.6,0.0,2127.6,Cash,0
1447,2024-10-01,23,381,1,29,1,2255.95,0.0,2255.95,Cash,0
1448,2024-07-04,19,121,4,19,1,2338.83,0.0,2338.83,Cash,0
1449,2024-07-18,29,21,3,16,1,965.32,0.0,965.32,Cash,0
1450,2024-09-20,59,134,1,11,1,6749.15,0.0,6749.15,Mobile Money,0
1451,2024-11-24,50,270,4,17,1,409.64,40.96,368.68,Cash,0
1452,2024-05-01,82,52,5,25,1,5448.89,0.0,5448.89,Card,0
1453,2024-12-02,97,481,5,25,1,7646.41,0.0,7646.41,Mobile Money,0
1454,2024-08-14,65,114,2,12,1,240.31,0.0,240.31,Mobile Money,0
1455,2024-06-05,5,29,3,15,1,5172.84,258.64,4914.2,Mobile Money,0
1456,2024-07-19,20,292,1,21,1,5064.52,0.0,5064.52,Cash,0
1457,2024-08-12,69,269,1,2,1,4020.13,0.0,4020.13,Cash,0
1458,2024-10-11,42,33,4,13,1,3017.99,0.0,3017.99,Mobile Money,1
1459,2024-07-15,99,231,4,19,1,5614.76,0.0,5614.76,Cash,1
1460,2024-07-17,99,326,1,2,1,5379.99,269.0,5110.99,Card,1
1461,2024-01-11,52,71,2,23,1,2640.72,0.0,2640.72,Card,0
1462,2024-06-24,10,494,5,25,1,3485.31,0.0,3485.31,Cash,0
1463,2024-04-28,41,423,4,8,1,7588.94,0.0,7588.94,Mobile Money,0
1464,2024-09-17,18,246,1,11,1,8396.45,0.0,8396.45,Cash,1
1465,2024-04-03,40,63,5,7,1,2754.79,0.0,2754.79,Cash,0
1466,2024-07-25,78,323,1,11,1,8069.68,0.0,8069.68,Cash,0
1467,2024-01-06,56,74,2,24,1,2239.94,0.0,2239.94,Mobile Money,0
1468,2024-08-11,14,78,3,14,1,1854.25,0.0,1854.25,Card,0
1469,2024-01-04,32,115,5,6,2,6728.04,0.0,13456.08,Cash,0
1470,2024-06-09,79,436,4,10,1,5981.54,0.0,5981.54,Mobile Money,0
1471,2024-03-04,41,72,1,2,1,7587.88,0.0,7587.88,Mobile Money,0
1472,2024-03-11,48,383,3,1,1,6391.46,0.0,6391.46,Card,0
1473,2024-01-14,57,183,3,15,2,7972.54,0.0,15945.08,Mobile Money,0
1474,2024-04-23,3,337,5,7,1,1537.19,0.0,1537.19,Mobile Money,1
1475,2024-10-03,11,121,5,25,1,4502.41,0.0,4502.41,Mobile Money,0
1476,2024-08-13,87,420,3,22,1,3929.44,0.0,3929.44,Card,0
1477,2024-06-08,78,34,5,25,1,8244.11,0.0,8244.11,Cash,0
1478,2024-01-28,76,404,2,28,1,7349.22,0.0,7349.22,Card,0
1479,2024-06-01,12,398,5,26,1,2284.36,0.0,2284.36,Cash,1
1480,2024-03-22,18,322,4,19,1,7428.64,0.0,7428.64,Mobile Money,1
1481,2024-10-17,37,460,5,6,1,241.24,12.06,229.18,Mobile Money,0
1482,2024-05-18,70,273,3,22,1,3069.11,0.0,3069.11,Cash,0
1483,2024-09-30,58,374,5,26,1,5459.43,0.0,5459.43,Card,0
1484,2024-12-17,97,215,1,11,1,6850.46,0.0,6850.46,Card,0
1485,2024-08-16,69,200,3,15,1,4192.19,0.0,4192.19,Card,0
1486,2024-08-20,80,141,3,14,1,2100.1,0.0,2100.1,Cash,0
1487,2024-01-01,9,137,5,6,1,2521.7,126.08,2395.62,Mobile Money,1
1488,2024-05-08,5,121,3,14,1,5028.65,0.0,5028.65,Mobile Money,0
1489,2024-08-06,65,277,1,21,1,241.27,0.0,241.27,Mobile Money,0
1490,2024-07-28,63,219,2,4,1,1783.31,0.0,1783.31,Cash,0
1491,2024-08-17,70,6,4,10,1,2876.92,0.0,2876.92,Mobile Money,0
1492,2024-07-14,17,7,5,6,1,722.19,0.0,722.19,Mobile Money,0
1493,2024-01-19,14,317,4,17,1,1856.07,0.0,1856.07,Card,0
1494,2024-05-31,63,287,4,9,1,1881.35,0.0,1881.35,Mobile Money,0
1495,2024-07-02,30,190,3,1,1,535.82,0.0,535.82,Card,1
1496,2024-02-19,97,166,3,15,1,7580.74,0.0,7580.74,Cash,0
1497,2024-09-08,10,143,5,25,1,3633.34,0.0,3633.34,Card,0
1498,2024-03-04,50,378,1,11,1,395.12,0.0,395.12,Mobile Money,0
1499,2024-04-08,41,186,2,24,1,6968.73,0.0,6968.73,Mobile Money,0
1500,2024-08-09,17,146,2,3,1,763.73,0.0,763.73,Card,0
